Municipality,municipality_wiki_uri
"Alcabre, Vigo",https://www.wikidata.org/entity/Q2842257
"Biota, Zaragoza",https://www.wikidata.org/entity/Q511881
"Bretoña, A Pastoriza",https://www.wikidata.org/entity/Q12384672
"Castell d'Aro, Platja d'Aro i s'Agaró",https://www.wikidata.org/entity/Q13467
"Galegos, Lalín",https://www.wikidata.org/entity/Q11194624
"Laias, Cenlle",https://www.wikidata.org/entity/Q12391499
"Lucenza, Cualedro",https://www.wikidata.org/entity/Q12392175
"Melide, A Coruña",https://www.wikidata.org/entity/Q912514
"Muel, Zaragoza",https://www.wikidata.org/entity/Q967136
"San Miguel de Sarandón, Vedra",https://www.wikidata.org/entity/Q11183032
"Sotos del Burgo, Valdemaluque",https://www.wikidata.org/entity/Q6132676
"Taboexa, As Neves",https://www.wikidata.org/entity/Q10994290
A Arnoia,https://www.wikidata.org/entity/Q1631832
A Casela,https://www.wikidata.org/entity/Q12380347
A Coruña,https://www.wikidata.org/entity/Q8757
A Estrada,https://www.wikidata.org/entity/Q1621191
A Fonsagrada,https://www.wikidata.org/entity/Q1465213
A Fonte da Vila,https://www.wikidata.org/entity/Q12380844
A Garda,https://www.wikidata.org/entity/Q105619281
A Guarda,https://www.wikidata.org/entity/Q300433
A Rúa de Valdeorras,https://www.wikidata.org/entity/Q1607619
Abades,https://www.wikidata.org/entity/Q1769902
Abadiño,https://www.wikidata.org/entity/Q744893
Abanilla,https://www.wikidata.org/entity/Q1635711
Abla,https://www.wikidata.org/entity/Q322064
Aboim das Choças,https://www.wikidata.org/entity/Q322689
Abrantes,https://www.wikidata.org/entity/Q331191
Abrucena,https://www.wikidata.org/entity/Q1110408
Abusejo,https://www.wikidata.org/entity/Q1634871
Adra,https://www.wikidata.org/entity/Q49562
Adradas,https://www.wikidata.org/entity/Q829225
Agón,https://www.wikidata.org/entity/Q931369
Agoncillo,https://www.wikidata.org/entity/Q1606725
Ágreda,https://www.wikidata.org/entity/Q39856
Agualva-Cacém,https://www.wikidata.org/entity/Q397900
Aguilafuente,https://www.wikidata.org/entity/Q1627434
Aguilar de Segarra,https://www.wikidata.org/entity/Q16675
Aguilar de la Frontera,https://www.wikidata.org/entity/Q854444
Aguilar del Río Alhama,https://www.wikidata.org/entity/Q1637495
Águilas,https://www.wikidata.org/entity/Q249941
Agullent,https://www.wikidata.org/entity/Q932861
Agurain/Salvatierra,https://www.wikidata.org/entity/Q398698
Aia,https://www.wikidata.org/entity/Q1631163
Aielo de Malferit,https://www.wikidata.org/entity/Q508503
Aielo de Rugat,https://www.wikidata.org/entity/Q538302
Aitona,https://www.wikidata.org/entity/Q1646588
Aitzorrotz,https://www.wikidata.org/entity/Q12252980
Ajuda,https://www.wikidata.org/entity/Q413311
Alaior,https://www.wikidata.org/entity/Q847324
Alameda de la Sagra,https://www.wikidata.org/entity/Q1610119
Alameda,https://www.wikidata.org/entity/Q1611830
Alange,https://www.wikidata.org/entity/Q996175
Alaquàs,https://www.wikidata.org/entity/Q1649698
Alarcón,https://www.wikidata.org/entity/Q1020522
Álava,https://www.wikidata.org/entity/Q8076636
Albacete,https://www.wikidata.org/entity/Q15095
Albaicín,https://www.wikidata.org/entity/Q576339
Albaida,https://www.wikidata.org/entity/Q1917834
Albaladejo,https://www.wikidata.org/entity/Q1632628
Albalate de Cinca,https://www.wikidata.org/entity/Q1645893
Albalate del Arzobispo,https://www.wikidata.org/entity/Q956425
Albendín,https://www.wikidata.org/entity/Q5662550
Alberic,https://www.wikidata.org/entity/Q1312844
Albesa,https://www.wikidata.org/entity/Q1770869
Albinyana,https://www.wikidata.org/entity/Q1229289
Albocàsser,https://www.wikidata.org/entity/Q1606574
Albolote,https://www.wikidata.org/entity/Q565415
Albox,https://www.wikidata.org/entity/Q1404671
Albufeira,https://www.wikidata.org/entity/Q373813
Alcabideche,https://www.wikidata.org/entity/Q31877422
Alcácer do Sal,https://www.wikidata.org/entity/Q850697
Alcalá de Guadaíra,https://www.wikidata.org/entity/Q494781
Alcalá de Henares,https://www.wikidata.org/entity/Q46940
Alcalà de Xivert,https://www.wikidata.org/entity/Q1635204
Alcalá del Río,https://www.wikidata.org/entity/Q1386351
Alcalá del Valle,https://www.wikidata.org/entity/Q1379651
Alcalá la Real,https://www.wikidata.org/entity/Q638181
Alcanena,https://www.wikidata.org/entity/Q986107
Alcañices,https://www.wikidata.org/entity/Q1625868
Alcañiz,https://www.wikidata.org/entity/Q572800
Alcaracejos,https://www.wikidata.org/entity/Q854490
Alcaraz,https://www.wikidata.org/entity/Q559140
Alcázar de San Juan,https://www.wikidata.org/entity/Q679269
Alcobaça,https://www.wikidata.org/entity/Q651997
Alcobendas,https://www.wikidata.org/entity/Q24012785
Alcobendas,https://www.wikidata.org/entity/Q487679
Alcochete,https://www.wikidata.org/entity/Q605319
Alcolea del Río,https://www.wikidata.org/entity/Q516549
Alconada de Maderuelo,https://www.wikidata.org/entity/Q589221
Alcóntar,https://www.wikidata.org/entity/Q1370152
Alcoutim,https://www.wikidata.org/entity/Q1000041
Alcover,https://www.wikidata.org/entity/Q427790
Alcoy,https://www.wikidata.org/entity/Q494777
Alcuneza,https://www.wikidata.org/entity/Q5664234
Aldaia,https://www.wikidata.org/entity/Q368431
Aldea del Cano,https://www.wikidata.org/entity/Q1643848
Aldea del Fresno,https://www.wikidata.org/entity/Q607467
Aldealengua,https://www.wikidata.org/entity/Q591641
Aldealseñor,https://www.wikidata.org/entity/Q829730
Aldeamayor de San Martín,https://www.wikidata.org/entity/Q1651731
Aldeonte,https://www.wikidata.org/entity/Q1650153
Alegría/Dulantzi,https://www.wikidata.org/entity/Q1330796
Alella,https://www.wikidata.org/entity/Q12034
Alenquer,https://www.wikidata.org/entity/Q988830
Alentejo,https://www.wikidata.org/entity/Q20963720
Alentisque,https://www.wikidata.org/entity/Q829197
Alerre,https://www.wikidata.org/entity/Q1995176
Alfafara,https://www.wikidata.org/entity/Q619122
Alfaro,https://www.wikidata.org/entity/Q695889
Alfés,https://www.wikidata.org/entity/Q1772312
Alforja,https://www.wikidata.org/entity/Q771036
Algarrobo,https://www.wikidata.org/entity/Q926410
Algarve,https://www.wikidata.org/entity/Q15782399
Algeciras,https://www.wikidata.org/entity/Q484552
Algete,https://www.wikidata.org/entity/Q472604
Alhais,https://www.wikidata.org/entity/Q154076
Alhama de Murcia,https://www.wikidata.org/entity/Q954556
Alhambra,https://www.wikidata.org/entity/Q1614490
Alhaurín el Grande,https://www.wikidata.org/entity/Q846149
Alicante,https://www.wikidata.org/entity/Q11959
Alijó,https://www.wikidata.org/entity/Q712064
Aljezur,https://www.wikidata.org/entity/Q986095
Aljucén,https://www.wikidata.org/entity/Q941641
Aljustrel,https://www.wikidata.org/entity/Q939511
Almada,https://www.wikidata.org/entity/Q328015
Almancil,https://www.wikidata.org/entity/Q374030
Almansa,https://www.wikidata.org/entity/Q13930
Almazán,https://www.wikidata.org/entity/Q5202
Almedinilla,https://www.wikidata.org/entity/Q854412
Almeida,https://www.wikidata.org/entity/Q617889
Almeirim,https://www.wikidata.org/entity/Q841235
Almenara,https://www.wikidata.org/entity/Q1917433
Almendra,https://www.wikidata.org/entity/Q1650206
Almendral,https://www.wikidata.org/entity/Q580391
Almendralejo,https://www.wikidata.org/entity/Q490638
Almería,https://www.wikidata.org/entity/Q10400
Almodóvar del Campo,https://www.wikidata.org/entity/Q1631896
Almodóvar del Río,https://www.wikidata.org/entity/Q854424
Almodôvar,https://www.wikidata.org/entity/Q936943
Almogía,https://www.wikidata.org/entity/Q1754150
Almoguera,https://www.wikidata.org/entity/Q620872
Almonte,https://www.wikidata.org/entity/Q736906
Almuñécar,https://www.wikidata.org/entity/Q193780
Álora,https://www.wikidata.org/entity/Q250746
Aloria,https://www.wikidata.org/entity/Q2839322
Alovera,https://www.wikidata.org/entity/Q368801
Alp,https://www.wikidata.org/entity/Q13731
Alpalhão,https://www.wikidata.org/entity/Q1997074
Alpujarras,https://www.wikidata.org/entity/Q661868
Alquerías,https://www.wikidata.org/entity/Q2884053
Altafulla,https://www.wikidata.org/entity/Q433746
Altea,https://www.wikidata.org/entity/Q436491
Alter do Chão,https://www.wikidata.org/entity/Q438263
Alto Douro Wine Region,https://www.wikidata.org/entity/Q649738
Altura,https://www.wikidata.org/entity/Q1635901
Alustante,https://www.wikidata.org/entity/Q620830
Alvão,https://www.wikidata.org/entity/Q16489259
Alzira,https://www.wikidata.org/entity/Q931780
Amadora,https://www.wikidata.org/entity/Q189166
Amarante,https://www.wikidata.org/entity/Q454875
Ameixial,https://www.wikidata.org/entity/Q2218903
Amendoeira,https://www.wikidata.org/entity/Q462117
Amieira do Tejo,https://www.wikidata.org/entity/Q2166572
Amoeiro,https://www.wikidata.org/entity/Q1627616
Amposta,https://www.wikidata.org/entity/Q477311
Ampudia,https://www.wikidata.org/entity/Q1657195
Amurrio,https://www.wikidata.org/entity/Q481760
Anchuelo,https://www.wikidata.org/entity/Q1647116
Andorra,https://www.wikidata.org/entity/Q228
Andújar,https://www.wikidata.org/entity/Q528530
Anquela del Pedregal,https://www.wikidata.org/entity/Q634254
Ansião,https://www.wikidata.org/entity/Q569929
Antas,https://www.wikidata.org/entity/Q1444119
Antequera,https://www.wikidata.org/entity/Q572041
Aprikano,https://www.wikidata.org/entity/Q2858965
Arahal,https://www.wikidata.org/entity/Q62717
Aranjuez,https://www.wikidata.org/entity/Q486792
Arbeca,https://www.wikidata.org/entity/Q372836
Arboleas,https://www.wikidata.org/entity/Q1157985
Arbúcies,https://www.wikidata.org/entity/Q13010
Archivel,https://www.wikidata.org/entity/Q11679927
Arcos de Jalón,https://www.wikidata.org/entity/Q830147
Arcos de la Frontera,https://www.wikidata.org/entity/Q637863
Arcos de la Polvorosa,https://www.wikidata.org/entity/Q1650463
Arellano,https://www.wikidata.org/entity/Q608818
Arenys de Mar,https://www.wikidata.org/entity/Q12110
Aretxabaleta,https://www.wikidata.org/entity/Q935603
Argamasilla de Calatrava,https://www.wikidata.org/entity/Q1631995
Arganda del Rey,https://www.wikidata.org/entity/Q497692
Arganil,https://www.wikidata.org/entity/Q426953
Argentona,https://www.wikidata.org/entity/Q11539
Arguedas,https://www.wikidata.org/entity/Q1763705
Arjona,https://www.wikidata.org/entity/Q1354411
Arkaia,https://www.wikidata.org/entity/Q604318
Armenteros,https://www.wikidata.org/entity/Q1651814
Armilla,https://www.wikidata.org/entity/Q550985
Armuña de Almanzora,https://www.wikidata.org/entity/Q1358156
Armuña,https://www.wikidata.org/entity/Q2249210
Aroche,https://www.wikidata.org/entity/Q1615179
Arões (São Romão),https://www.wikidata.org/entity/Q1022684
Arrabalde,https://www.wikidata.org/entity/Q1650448
Arrábida,https://www.wikidata.org/entity/Q126598839
Arraiolos,https://www.wikidata.org/entity/Q699141
Arraiza,https://www.wikidata.org/entity/Q8204898
Arrentela,https://www.wikidata.org/entity/Q699457
Arroyo de San Serván,https://www.wikidata.org/entity/Q1113385
Arroyo de la Luz,https://www.wikidata.org/entity/Q1630474
Arroyomolinos,https://www.wikidata.org/entity/Q1778172
Artà,https://www.wikidata.org/entity/Q715970
Artesa de Lleida,https://www.wikidata.org/entity/Q1648857
Artieda,https://www.wikidata.org/entity/Q712486
Artziniega,https://www.wikidata.org/entity/Q587131
As Neves,https://www.wikidata.org/entity/Q1634850
Ascó,https://www.wikidata.org/entity/Q723440
Aspe,https://www.wikidata.org/entity/Q1770153
Assunção,https://www.wikidata.org/entity/Q2099423
Astigarribia,https://www.wikidata.org/entity/Q12254320
Astorga,https://www.wikidata.org/entity/Q465078
Astudillo,https://www.wikidata.org/entity/Q1849424
Atienza,https://www.wikidata.org/entity/Q524820
Atzeneta d'Albaida,https://www.wikidata.org/entity/Q1770027
Auritz-Burguete,https://www.wikidata.org/entity/Q5431
Aveiro,https://www.wikidata.org/entity/Q485581
Avessadas,https://www.wikidata.org/entity/Q790672
Ávila,https://www.wikidata.org/entity/Q15688
Avinyonet de Puigventós,https://www.wikidata.org/entity/Q11227
Ayamonte,https://www.wikidata.org/entity/Q736872
Ayllón,https://www.wikidata.org/entity/Q1769718
Ázere,https://www.wikidata.org/entity/Q252638
Azuara,https://www.wikidata.org/entity/Q794238
Azuqueca de Henares,https://www.wikidata.org/entity/Q794315
Bacares,https://www.wikidata.org/entity/Q1157977
Badajoz,https://www.wikidata.org/entity/Q15679
Badalona,https://www.wikidata.org/entity/Q15468
Badarán,https://www.wikidata.org/entity/Q1647682
Baena,https://www.wikidata.org/entity/Q854403
Baeza,https://www.wikidata.org/entity/Q488555
Bailén,https://www.wikidata.org/entity/Q695456
Balaguer,https://www.wikidata.org/entity/Q696797
Balazote,https://www.wikidata.org/entity/Q574364
Balboa,https://www.wikidata.org/entity/Q1650484
Baleizão,https://www.wikidata.org/entity/Q804901
Balsa,https://www.wikidata.org/entity/Q2881532
Baños de Cerrato,https://www.wikidata.org/entity/Q8245077
Baños de Valdearados,https://www.wikidata.org/entity/Q929461
Baños de la Encina,https://www.wikidata.org/entity/Q587590
Baños y Mendigo,https://www.wikidata.org/entity/Q5723887
Banyoles,https://www.wikidata.org/entity/Q13614
Barajas,https://www.wikidata.org/entity/Q807230
Barbaño,https://www.wikidata.org/entity/Q957619
Barbate,https://www.wikidata.org/entity/Q13154
Bárboles,https://www.wikidata.org/entity/Q1650575
Barbolla,https://www.wikidata.org/entity/Q1776911
Barcelona,https://www.wikidata.org/entity/Q1492
Barcelos,https://www.wikidata.org/entity/Q213242
Barcenillas,https://www.wikidata.org/entity/Q5719486
Bardenas Reales,https://www.wikidata.org/entity/Q521527
Barquilla,https://www.wikidata.org/entity/Q5719851
Barranda,https://www.wikidata.org/entity/Q2885490
Barroca,https://www.wikidata.org/entity/Q808964
Barroselas,https://www.wikidata.org/entity/Q808980
Basauri,https://www.wikidata.org/entity/Q765496
Batalha,https://www.wikidata.org/entity/Q810715
Batres,https://www.wikidata.org/entity/Q1647095
Bayubas de Abajo,https://www.wikidata.org/entity/Q832324
Baza,https://www.wikidata.org/entity/Q490472
Beas de Segura,https://www.wikidata.org/entity/Q1313394
Beato,https://www.wikidata.org/entity/Q686717
Begues,https://www.wikidata.org/entity/Q15596
Beirã,https://www.wikidata.org/entity/Q1959456
Béjar,https://www.wikidata.org/entity/Q695375
Belalcázar,https://www.wikidata.org/entity/Q854373
Belchite,https://www.wikidata.org/entity/Q815339
Bèlgida,https://www.wikidata.org/entity/Q1916582
Bellcaire d'Empordà,https://www.wikidata.org/entity/Q13461
Bellús,https://www.wikidata.org/entity/Q1917892
Bellvís,https://www.wikidata.org/entity/Q1772309
Belmonte,https://www.wikidata.org/entity/Q816115
Belvís de la Jara,https://www.wikidata.org/entity/Q1628657
Bem da Fé,https://www.wikidata.org/entity/Q816346
Benalmádena,https://www.wikidata.org/entity/Q488869
Benamejí,https://www.wikidata.org/entity/Q975728
Benaocaz,https://www.wikidata.org/entity/Q741812
Benassal,https://www.wikidata.org/entity/Q1635350
Benavila,https://www.wikidata.org/entity/Q2451245
Bencatel,https://www.wikidata.org/entity/Q1835791
Bendollo de Feais,https://www.wikidata.org/entity/Q20542946
Beniatjar,https://www.wikidata.org/entity/Q384789
Benicarló,https://www.wikidata.org/entity/Q817302
Benidoleig,https://www.wikidata.org/entity/Q1753061
Benifaió,https://www.wikidata.org/entity/Q1919317
Benifallet,https://www.wikidata.org/entity/Q1228593
Benifallim,https://www.wikidata.org/entity/Q930303
Benigànim,https://www.wikidata.org/entity/Q1769957
Benimàmet,https://www.wikidata.org/entity/Q4888020
Benimuslem,https://www.wikidata.org/entity/Q1919328
Benissuera,https://www.wikidata.org/entity/Q1917939
Benitachell,https://www.wikidata.org/entity/Q120171371
Bensafrim,https://www.wikidata.org/entity/Q793072
Bera,https://www.wikidata.org/entity/Q818675
Beraun,https://www.wikidata.org/entity/Q12255006
Berceo,https://www.wikidata.org/entity/Q1647620
Bermeo,https://www.wikidata.org/entity/Q695444
Bernardos,https://www.wikidata.org/entity/Q1904470
Bernuy de Porreros,https://www.wikidata.org/entity/Q1905435
Berriatua,https://www.wikidata.org/entity/Q1228064
Berrueces,https://www.wikidata.org/entity/Q24002648
Besalú,https://www.wikidata.org/entity/Q12586
Bétera,https://www.wikidata.org/entity/Q986084
Betxí,https://www.wikidata.org/entity/Q54948
Beuda,https://www.wikidata.org/entity/Q12593
Biosca,https://www.wikidata.org/entity/Q1901345
Biscay,https://www.wikidata.org/entity/Q93366
Bítem,https://www.wikidata.org/entity/Q8253933
Boadilla del Monte,https://www.wikidata.org/entity/Q1641013
Bobadela,https://www.wikidata.org/entity/Q888363
Bocairent,https://www.wikidata.org/entity/Q574105
Bochones,https://www.wikidata.org/entity/Q56252559
Boelhe,https://www.wikidata.org/entity/Q781411
Boiro,https://www.wikidata.org/entity/Q735282
Boisán,https://www.wikidata.org/entity/Q5731288
Bolea,https://www.wikidata.org/entity/Q3572816
Bollullos de la Mitación,https://www.wikidata.org/entity/Q1605640
Bolonia,https://www.wikidata.org/entity/Q891545
Bombarral,https://www.wikidata.org/entity/Q891820
Bonares,https://www.wikidata.org/entity/Q1615150
Borba,https://www.wikidata.org/entity/Q893339
Borja,https://www.wikidata.org/entity/Q835559
Bormujos,https://www.wikidata.org/entity/Q1605629
Borriol,https://www.wikidata.org/entity/Q978356
Botorrita,https://www.wikidata.org/entity/Q1629957
Braga,https://www.wikidata.org/entity/Q83247
Brenes,https://www.wikidata.org/entity/Q579216
Brinches,https://www.wikidata.org/entity/Q917340
Brión,https://www.wikidata.org/entity/Q1615466
Buberos,https://www.wikidata.org/entity/Q831987
Bueu,https://www.wikidata.org/entity/Q1632909
Bugarra,https://www.wikidata.org/entity/Q472307
Buitrago,https://www.wikidata.org/entity/Q832158
Bujalance,https://www.wikidata.org/entity/Q975711
Bujarrabal,https://www.wikidata.org/entity/Q5735319
Bullas,https://www.wikidata.org/entity/Q986086
Buniel,https://www.wikidata.org/entity/Q1614638
Buñol,https://www.wikidata.org/entity/Q853762
Burgos,https://www.wikidata.org/entity/Q9580
Burguillos del Cerro,https://www.wikidata.org/entity/Q1100437
Burguillos,https://www.wikidata.org/entity/Q1633443
Burriana,https://www.wikidata.org/entity/Q385070
Cabañas de Ebro,https://www.wikidata.org/entity/Q1650854
Cabañas de Polendos,https://www.wikidata.org/entity/Q1906368
Cabañas de la Sagra,https://www.wikidata.org/entity/Q1628856
Cabanes,https://www.wikidata.org/entity/Q1646899
Cabanillas,https://www.wikidata.org/entity/Q1648451
Cabeço de Vide,https://www.wikidata.org/entity/Q2258653
Cabeçudos,https://www.wikidata.org/entity/Q1024812
Cabeza del Buey,https://www.wikidata.org/entity/Q1100433
Cabezón de Pisuerga,https://www.wikidata.org/entity/Q1650608
Cabra,https://www.wikidata.org/entity/Q927931
Cabrales,https://www.wikidata.org/entity/Q58343
Cabrera de Mar,https://www.wikidata.org/entity/Q12824
Cabrils,https://www.wikidata.org/entity/Q12083
Cacém,https://www.wikidata.org/entity/Q34789102
Cáceres,https://www.wikidata.org/entity/Q15678
Cacilhas,https://www.wikidata.org/entity/Q1025051
Cádiz,https://www.wikidata.org/entity/Q15682
Caia e São Pedro,https://www.wikidata.org/entity/Q2173194
Cala en Bosch,https://www.wikidata.org/entity/Q1026176
Calafell,https://www.wikidata.org/entity/Q983637
Calahorra,https://www.wikidata.org/entity/Q642046
Calamonte,https://www.wikidata.org/entity/Q1020436
Calanda,https://www.wikidata.org/entity/Q737161
Calasparra,https://www.wikidata.org/entity/Q1313139
Calatañazor,https://www.wikidata.org/entity/Q829810
Calatayud,https://www.wikidata.org/entity/Q496424
Calatorao,https://www.wikidata.org/entity/Q1641454
Caldas de Reis,https://www.wikidata.org/entity/Q1448886
Caldes de Malavella,https://www.wikidata.org/entity/Q13064
Caldes de Montbui,https://www.wikidata.org/entity/Q15400
Calella,https://www.wikidata.org/entity/Q12540
Calp,https://www.wikidata.org/entity/Q671272
Calvarrasa de Abajo,https://www.wikidata.org/entity/Q1640886
Calvià,https://www.wikidata.org/entity/Q491786
Calzadilla de la Cueza,https://www.wikidata.org/entity/Q2665269
Camallera,https://www.wikidata.org/entity/Q3920522
Camargo Municipality,https://www.wikidata.org/entity/Q2652276
Camarma de Esteruelas,https://www.wikidata.org/entity/Q1648727
Camas,https://www.wikidata.org/entity/Q752127
Cambados,https://www.wikidata.org/entity/Q695477
Cambrils,https://www.wikidata.org/entity/Q828572
Campanillas,https://www.wikidata.org/entity/Q5742581
Campeã,https://www.wikidata.org/entity/Q2742726
Campillos,https://www.wikidata.org/entity/Q944101
Campo (São Martinho),https://www.wikidata.org/entity/Q2091707
Campo Lugar,https://www.wikidata.org/entity/Q1632675
Campo Maior,https://www.wikidata.org/entity/Q995297
Campo de Villavidel,https://www.wikidata.org/entity/Q137708
Camporrobles,https://www.wikidata.org/entity/Q1648520
Camuñas,https://www.wikidata.org/entity/Q1628637
Canapost,https://www.wikidata.org/entity/Q17592751
Cañaveral,https://www.wikidata.org/entity/Q1626867
Cañaveruelas,https://www.wikidata.org/entity/Q370639
Candeleda,https://www.wikidata.org/entity/Q1442696
Canelas,https://www.wikidata.org/entity/Q250648
Canet lo Roig,https://www.wikidata.org/entity/Q1646978
Cañete de las Torres,https://www.wikidata.org/entity/Q1447425
Cañete la Real,https://www.wikidata.org/entity/Q13159
Cangas del Narcea,https://www.wikidata.org/entity/Q737421
Cangas,https://www.wikidata.org/entity/Q1628188
Cangues d'Onís,https://www.wikidata.org/entity/Q225515
Cano,https://www.wikidata.org/entity/Q163139
Canovelles,https://www.wikidata.org/entity/Q15402
Cantalejo,https://www.wikidata.org/entity/Q1650171
Cantanhede,https://www.wikidata.org/entity/Q426945
Cantillana,https://www.wikidata.org/entity/Q683023
Cantoria,https://www.wikidata.org/entity/Q1358268
Cape Palos,https://www.wikidata.org/entity/Q731315
Capinha,https://www.wikidata.org/entity/Q1024626
Carabaña,https://www.wikidata.org/entity/Q664618
Caracena,https://www.wikidata.org/entity/Q835840
Caravaca de la Cruz,https://www.wikidata.org/entity/Q230368
Carbonera de Frentes,https://www.wikidata.org/entity/Q19828101
Carcabuey,https://www.wikidata.org/entity/Q842679
Cardeñosa,https://www.wikidata.org/entity/Q285411
Carmona,https://www.wikidata.org/entity/Q63092
Carranque,https://www.wikidata.org/entity/Q1642057
Carrascal del Río,https://www.wikidata.org/entity/Q1776916
Carrascosa del Campo,https://www.wikidata.org/entity/Q2468358
Carrazeda de Ansiães,https://www.wikidata.org/entity/Q551666
Carreño,https://www.wikidata.org/entity/Q737389
Carrícola,https://www.wikidata.org/entity/Q1917863
Cartagena,https://www.wikidata.org/entity/Q162615
Cártama,https://www.wikidata.org/entity/Q935266
Cartaya,https://www.wikidata.org/entity/Q846156
Carteia,https://www.wikidata.org/entity/Q97616842
Carvoeiro,https://www.wikidata.org/entity/Q1046217
Casa Branca,https://www.wikidata.org/entity/Q2258808
Casa de Campo,https://www.wikidata.org/entity/Q16302441
Casabermeja,https://www.wikidata.org/entity/Q1630405
Casarabonela,https://www.wikidata.org/entity/Q1630355
Casarejos,https://www.wikidata.org/entity/Q829772
Casares de las Hurdes,https://www.wikidata.org/entity/Q1613360
Casares,https://www.wikidata.org/entity/Q913483
Casariche,https://www.wikidata.org/entity/Q1445334
Casas Nuevas,https://www.wikidata.org/entity/Q5755798
Casas de Reina,https://www.wikidata.org/entity/Q1157670
Cascais,https://www.wikidata.org/entity/Q273059
Cascante,https://www.wikidata.org/entity/Q24012480
Casével,https://www.wikidata.org/entity/Q1050006
Casillas de Flores,https://www.wikidata.org/entity/Q1628765
Castejón de Monegros,https://www.wikidata.org/entity/Q526439
Castellar de Santistéban,https://www.wikidata.org/entity/Q2941378
Castellar de n'Hug,https://www.wikidata.org/entity/Q15493
Castellfollit de Riubregós,https://www.wikidata.org/entity/Q15945
Castellfollit del Boix,https://www.wikidata.org/entity/Q16685
Castellgalí,https://www.wikidata.org/entity/Q16686
Castellnovo,https://www.wikidata.org/entity/Q1635733
Castelló de Rugat,https://www.wikidata.org/entity/Q1313189
Castelló de la Plana,https://www.wikidata.org/entity/Q15092
Castelo Branco,https://www.wikidata.org/entity/Q373720
Castelo Novo,https://www.wikidata.org/entity/Q1024355
Castelo de Vide,https://www.wikidata.org/entity/Q1000037
Castilblanco de los Arroyos,https://www.wikidata.org/entity/Q980056
Castiliscar,https://www.wikidata.org/entity/Q1650715
Castilleja de la Cuesta,https://www.wikidata.org/entity/Q841589
Castilléjar,https://www.wikidata.org/entity/Q555918
Castillo de Bayuela,https://www.wikidata.org/entity/Q1641508
Castillo de Locubín,https://www.wikidata.org/entity/Q1611707
Castrelo de Miño,https://www.wikidata.org/entity/Q1605406
Castrillo de Cabrera,https://www.wikidata.org/entity/Q141252
Castro Caldelas,https://www.wikidata.org/entity/Q1607646
Castro Daire,https://www.wikidata.org/entity/Q861199
Castro Marim,https://www.wikidata.org/entity/Q986079
Castro Urdiales,https://www.wikidata.org/entity/Q501090
Castro de Avelãs,https://www.wikidata.org/entity/Q583991
Castro de Rei,https://www.wikidata.org/entity/Q1368876
Castro del Río,https://www.wikidata.org/entity/Q1447412
Castromembibre,https://www.wikidata.org/entity/Q1907601
Castronuevo de Esgueva,https://www.wikidata.org/entity/Q1916474
Castroverde de Campos,https://www.wikidata.org/entity/Q1778086
Catarroja,https://www.wikidata.org/entity/Q1771131
Catoira,https://www.wikidata.org/entity/Q377244
Caudete de las Fuentes,https://www.wikidata.org/entity/Q1993398
Caudete,https://www.wikidata.org/entity/Q1606055
Cazorla,https://www.wikidata.org/entity/Q518339
Cebrecos,https://www.wikidata.org/entity/Q1637104
Cehegín,https://www.wikidata.org/entity/Q1757489
Celorico da Beira,https://www.wikidata.org/entity/Q523596
Celorico de Basto Municipality,https://www.wikidata.org/entity/Q16858622
Cenicientos,https://www.wikidata.org/entity/Q685764
Cerceda,https://www.wikidata.org/entity/Q1369070
Cercedilla,https://www.wikidata.org/entity/Q1646215
Cerdanyola,https://www.wikidata.org/entity/Q11913539
Cerro de la Muela,https://www.wikidata.org/entity/Q48781452
Cervera del Maestre,https://www.wikidata.org/entity/Q1646175
Cervera,https://www.wikidata.org/entity/Q847011
Cervià de Ter,https://www.wikidata.org/entity/Q13428
Chana de Somoza,https://www.wikidata.org/entity/Q5764404
Chañe,https://www.wikidata.org/entity/Q1939096
Chantada,https://www.wikidata.org/entity/Q1447512
Chapinería,https://www.wikidata.org/entity/Q1772178
Chaves,https://www.wikidata.org/entity/Q504580
Chera,https://www.wikidata.org/entity/Q1118523
Cheste,https://www.wikidata.org/entity/Q1551943
Chiclana de la Frontera,https://www.wikidata.org/entity/Q277302
Chinchilla de Montearagón,https://www.wikidata.org/entity/Q575893
Chipiona,https://www.wikidata.org/entity/Q741749
Chiprana,https://www.wikidata.org/entity/Q509039
Chirivel,https://www.wikidata.org/entity/Q1048769
Chiva,https://www.wikidata.org/entity/Q967818
Ciadueña,https://www.wikidata.org/entity/Q5768678
Ciempozuelos,https://www.wikidata.org/entity/Q1751930
Cieza,https://www.wikidata.org/entity/Q1014709
Cifuentes,https://www.wikidata.org/entity/Q986570
Ciladas,https://www.wikidata.org/entity/Q1851852
Cilleros,https://www.wikidata.org/entity/Q1613475
Cimanes de la Vega,https://www.wikidata.org/entity/Q137123
Cinfães,https://www.wikidata.org/entity/Q861464
Cintruénigo,https://www.wikidata.org/entity/Q1637322
Cirujales del Río,https://www.wikidata.org/entity/Q835700
Cisneros,https://www.wikidata.org/entity/Q1923902
Ciudad Real,https://www.wikidata.org/entity/Q15093
Ciudad Rodrigo,https://www.wikidata.org/entity/Q820476
Cobertelada,https://www.wikidata.org/entity/Q5775734
Coca,https://www.wikidata.org/entity/Q649612
Cocentaina,https://www.wikidata.org/entity/Q1231003
Coimbra,https://www.wikidata.org/entity/Q45412
Coín,https://www.wikidata.org/entity/Q1110418
Collado Mediano,https://www.wikidata.org/entity/Q1751903
Colmenar Viejo,https://www.wikidata.org/entity/Q55480
Colmenar de Oreja,https://www.wikidata.org/entity/Q686674
Colmenar del Arroyo,https://www.wikidata.org/entity/Q1751939
Colunga,https://www.wikidata.org/entity/Q578502
Comares,https://www.wikidata.org/entity/Q488895
Comporta,https://www.wikidata.org/entity/Q1121778
Comunión-Komunioi,https://www.wikidata.org/entity/Q2991507
Condado de Treviño,https://www.wikidata.org/entity/Q946251
Condeixa-a-Nova,https://www.wikidata.org/entity/Q138830
Conímbriga,https://www.wikidata.org/entity/Q66942507
Constantí,https://www.wikidata.org/entity/Q550210
Constantina,https://www.wikidata.org/entity/Q949381
Consuegra,https://www.wikidata.org/entity/Q919046
Coomonte,https://www.wikidata.org/entity/Q1765220
Corbins,https://www.wikidata.org/entity/Q1646595
Corçà,https://www.wikidata.org/entity/Q13468
Corcos,https://www.wikidata.org/entity/Q2249269
Córdoba,https://www.wikidata.org/entity/Q5818
Cordovilla de Aguilar,https://www.wikidata.org/entity/Q5788431
Corduente,https://www.wikidata.org/entity/Q1653755
Coria del Río,https://www.wikidata.org/entity/Q1445412
Coria,https://www.wikidata.org/entity/Q142778
Coriscada,https://www.wikidata.org/entity/Q1132995
Cornellà de Llobregat,https://www.wikidata.org/entity/Q15602
Corral de Almaguer,https://www.wikidata.org/entity/Q598148
Corroios,https://www.wikidata.org/entity/Q34796721
Cortes de la Frontera,https://www.wikidata.org/entity/Q1453000
Cortes,https://www.wikidata.org/entity/Q1637031
Cortiço,https://www.wikidata.org/entity/Q1135619
Coruche,https://www.wikidata.org/entity/Q1000052
Coruña del Conde,https://www.wikidata.org/entity/Q1613822
Corval,https://www.wikidata.org/entity/Q1135692
Coscojuela de Fantova,https://www.wikidata.org/entity/Q50481782
Cotas,https://www.wikidata.org/entity/Q168475
Cotobade,https://www.wikidata.org/entity/Q661657
Covarrubias,https://www.wikidata.org/entity/Q1109944
Covas,https://www.wikidata.org/entity/Q8351447
Covilhã,https://www.wikidata.org/entity/Q849026
Coy,https://www.wikidata.org/entity/Q1424513
Crato e Mártires,https://www.wikidata.org/entity/Q2258438
Crato,https://www.wikidata.org/entity/Q1005138
Crecente,https://www.wikidata.org/entity/Q1627605
Creixell,https://www.wikidata.org/entity/Q1020556
Crevillent,https://www.wikidata.org/entity/Q1616611
Cuarte de Huerva,https://www.wikidata.org/entity/Q1629930
Cuarte,https://www.wikidata.org/entity/Q13415038
Cubas de la Sagra,https://www.wikidata.org/entity/Q1751926
Cubelles,https://www.wikidata.org/entity/Q15558
Cubillas de Santa Marta,https://www.wikidata.org/entity/Q1922891
Cubillejo de la Sierra,https://www.wikidata.org/entity/Q30317286
Cubo de Bureba,https://www.wikidata.org/entity/Q1656771
Cuéllar,https://www.wikidata.org/entity/Q1631311
Cuenca,https://www.wikidata.org/entity/Q15098
Cuevas del Almanzora,https://www.wikidata.org/entity/Q1048762
Cuevas del Becerro,https://www.wikidata.org/entity/Q1647740
Cullera,https://www.wikidata.org/entity/Q986733
Daimiel,https://www.wikidata.org/entity/Q1631261
Daimús,https://www.wikidata.org/entity/Q974889
Dénia,https://www.wikidata.org/entity/Q646725
Deza,https://www.wikidata.org/entity/Q837203
Diego Ávaro,https://www.wikidata.org/entity/Q61748995
Don Álvaro,https://www.wikidata.org/entity/Q1387108
Don Benito,https://www.wikidata.org/entity/Q636120
Doña Inés,https://www.wikidata.org/entity/Q5813966
Doña Mencía,https://www.wikidata.org/entity/Q1406756
Doñinos de Salamanca,https://www.wikidata.org/entity/Q1640688
Dos Hermanas,https://www.wikidata.org/entity/Q489205
Driebes,https://www.wikidata.org/entity/Q1654309
Dúrcal,https://www.wikidata.org/entity/Q559839
Écija,https://www.wikidata.org/entity/Q273413
El Álamo,https://www.wikidata.org/entity/Q1984836
El Algar,https://www.wikidata.org/entity/Q5820813
El Almendral,https://www.wikidata.org/entity/Q5820816
El Boalo,https://www.wikidata.org/entity/Q1772163
El Burgo de Ebro,https://www.wikidata.org/entity/Q1641115
El Burgo de Osma,https://www.wikidata.org/entity/Q24015514
El Burgo de Osma-Ciudad de Osma,https://www.wikidata.org/entity/Q485129
El Cabaco,https://www.wikidata.org/entity/Q1640774
El Campello,https://www.wikidata.org/entity/Q842224
El Carpio,https://www.wikidata.org/entity/Q1448408
El Carrascalejo,https://www.wikidata.org/entity/Q971549
El Castrillón,https://www.wikidata.org/entity/Q125556750
El Centenillo,https://www.wikidata.org/entity/Q5821321
El Cuervo de Sevilla,https://www.wikidata.org/entity/Q62705
El Cuervo,https://www.wikidata.org/entity/Q1651621
El Ejido,https://www.wikidata.org/entity/Q493933
El Franco,https://www.wikidata.org/entity/Q736022
El Gordo,https://www.wikidata.org/entity/Q1769611
El Masnou,https://www.wikidata.org/entity/Q12039
El Mirón,https://www.wikidata.org/entity/Q520376
El Morell,https://www.wikidata.org/entity/Q545317
El Palomar,https://www.wikidata.org/entity/Q2264671
El Papiol,https://www.wikidata.org/entity/Q15631
El Pedroso,https://www.wikidata.org/entity/Q1445311
El Pino de Tormes,https://www.wikidata.org/entity/Q1769953
El Pobo de Dueñas,https://www.wikidata.org/entity/Q1654744
El Puerto de Santa María,https://www.wikidata.org/entity/Q203040
El Royo,https://www.wikidata.org/entity/Q56222
El Rubio,https://www.wikidata.org/entity/Q1445292
El Vendrell,https://www.wikidata.org/entity/Q929759
El Viso del Alcor,https://www.wikidata.org/entity/Q969581
Elche,https://www.wikidata.org/entity/Q10509
Elda,https://www.wikidata.org/entity/Q608985
Eljas,https://www.wikidata.org/entity/Q1613259
Elo/Monreal,https://www.wikidata.org/entity/Q1914401
Elorrio,https://www.wikidata.org/entity/Q1242382
Els Monjos,https://www.wikidata.org/entity/Q109954564
Els Poblets,https://www.wikidata.org/entity/Q987444
Elvas,https://www.wikidata.org/entity/Q243849
Elviria,https://www.wikidata.org/entity/Q3051839
Encinasola,https://www.wikidata.org/entity/Q1445340
Enciso,https://www.wikidata.org/entity/Q954951
Épila,https://www.wikidata.org/entity/Q1553092
Ereño,https://www.wikidata.org/entity/Q1242307
Errigoiti,https://www.wikidata.org/entity/Q1228030
Ervedal,https://www.wikidata.org/entity/Q1024394
Es Mercadal,https://www.wikidata.org/entity/Q945653
Escarabajosa de Cabezas,https://www.wikidata.org/entity/Q1939129
Escarigo,https://www.wikidata.org/entity/Q1010732
Escatrón,https://www.wikidata.org/entity/Q572795
Escobar de Polendos,https://www.wikidata.org/entity/Q1939245
Eslava,https://www.wikidata.org/entity/Q1641801
Espadilla,https://www.wikidata.org/entity/Q577501
Esparragalejo,https://www.wikidata.org/entity/Q1446351
Esparragosa de Lares,https://www.wikidata.org/entity/Q1407179
Espartinas,https://www.wikidata.org/entity/Q1628327
Espejo,https://www.wikidata.org/entity/Q675298
Espera,https://www.wikidata.org/entity/Q1448444
Espiel,https://www.wikidata.org/entity/Q1447434
Espinheiro,https://www.wikidata.org/entity/Q1023634
Espinosa de Henares,https://www.wikidata.org/entity/Q728215
Espirdo,https://www.wikidata.org/entity/Q1939048
Estepona,https://www.wikidata.org/entity/Q492748
Estoi,https://www.wikidata.org/entity/Q2652664
Estremoz,https://www.wikidata.org/entity/Q625157
Estuliz/Astúlez,https://www.wikidata.org/entity/Q2868659
Évora,https://www.wikidata.org/entity/Q179948
Falces,https://www.wikidata.org/entity/Q1641884
Farasdués,https://www.wikidata.org/entity/Q8960846
Faro,https://www.wikidata.org/entity/Q159457
Felanitx,https://www.wikidata.org/entity/Q743741
Felgar,https://www.wikidata.org/entity/Q1402921
Felgueiras,https://www.wikidata.org/entity/Q936904
Feria,https://www.wikidata.org/entity/Q1447714
Fermentões,https://www.wikidata.org/entity/Q1023204
Ferreira do Alentejo,https://www.wikidata.org/entity/Q552015
Ferro,https://www.wikidata.org/entity/Q914998
Figueres,https://www.wikidata.org/entity/Q6839
Fines,https://www.wikidata.org/entity/Q668962
Fitero,https://www.wikidata.org/entity/Q1773030
Foios,https://www.wikidata.org/entity/Q668117
Fondón,https://www.wikidata.org/entity/Q1358351
Fontanars dels Alforins,https://www.wikidata.org/entity/Q1998529
Forcall,https://www.wikidata.org/entity/Q780945
Forfoleda,https://www.wikidata.org/entity/Q976425
Formentera,https://www.wikidata.org/entity/Q52626
Fortios,https://www.wikidata.org/entity/Q2256709
Forua,https://www.wikidata.org/entity/Q679513
Foz,https://www.wikidata.org/entity/Q917878
Fraga,https://www.wikidata.org/entity/Q904212
Freguesia de Nossa Senhora das Neves e Santa Rita,https://www.wikidata.org/entity/Q10285866
Freixo de Numão,https://www.wikidata.org/entity/Q33812280
Freixo,https://www.wikidata.org/entity/Q1022195
Fresno Alhándiga,https://www.wikidata.org/entity/Q1768628
Fresno de Torote,https://www.wikidata.org/entity/Q1772191
Friúmes,https://www.wikidata.org/entity/Q1469374
Fronteira,https://www.wikidata.org/entity/Q647467
Fuengirola,https://www.wikidata.org/entity/Q492735
Fuenlabrada,https://www.wikidata.org/entity/Q54902
Fuenmayor,https://www.wikidata.org/entity/Q755695
Fuente Encalada,https://www.wikidata.org/entity/Q1652946
Fuente Palmera,https://www.wikidata.org/entity/Q1443622
Fuente de Piedra,https://www.wikidata.org/entity/Q922378
Fuente del Maestre,https://www.wikidata.org/entity/Q1407463
Fuente el Saz de Jarama,https://www.wikidata.org/entity/Q770809
Fuente-Álamo,https://www.wikidata.org/entity/Q599774
Fuente-Tójar,https://www.wikidata.org/entity/Q339790
Fuentealbilla,https://www.wikidata.org/entity/Q389171
Fuenteguinaldo,https://www.wikidata.org/entity/Q1640604
Fuentelfresno,https://www.wikidata.org/entity/Q19862927
Fuenterrobles,https://www.wikidata.org/entity/Q1993414
Fuentes de Andalucía,https://www.wikidata.org/entity/Q383897
Fuentes de Ebro,https://www.wikidata.org/entity/Q1639187
Fuentes de Ropel,https://www.wikidata.org/entity/Q1652139
Fuentesaúco de Fuentidueña,https://www.wikidata.org/entity/Q1948546
Fuentetecha,https://www.wikidata.org/entity/Q5870410
Fundão,https://www.wikidata.org/entity/Q1024927
Funes,https://www.wikidata.org/entity/Q1767897
Gaeiras,https://www.wikidata.org/entity/Q155131
Gáfete,https://www.wikidata.org/entity/Q1016627
Galapagar,https://www.wikidata.org/entity/Q1615953
Galdames,https://www.wikidata.org/entity/Q738717
Galifa,https://www.wikidata.org/entity/Q5874791
Galisteo,https://www.wikidata.org/entity/Q1613373
Gallegos del Campo,https://www.wikidata.org/entity/Q8963368
Gallur,https://www.wikidata.org/entity/Q572779
Galve,https://www.wikidata.org/entity/Q787403
Gandia,https://www.wikidata.org/entity/Q33532
Garai,https://www.wikidata.org/entity/Q732806
Garcillán,https://www.wikidata.org/entity/Q629289
Gargüera de la Vera,https://www.wikidata.org/entity/Q1648608
Garrigàs,https://www.wikidata.org/entity/Q11329
Garrucha,https://www.wikidata.org/entity/Q1407478
Gata,https://www.wikidata.org/entity/Q1645238
Gaucín,https://www.wikidata.org/entity/Q944119
Gavà,https://www.wikidata.org/entity/Q15622
Gelves,https://www.wikidata.org/entity/Q1628386
Gerena,https://www.wikidata.org/entity/Q1601614
Gestaçô (Amarante),https://www.wikidata.org/entity/Q10289308
Getafe,https://www.wikidata.org/entity/Q8802
Getaria,https://www.wikidata.org/entity/Q849330
Gijón,https://www.wikidata.org/entity/Q12273
Gilena,https://www.wikidata.org/entity/Q1448419
Gines,https://www.wikidata.org/entity/Q1645522
Gipuzkoa,https://www.wikidata.org/entity/Q95010
Girona,https://www.wikidata.org/entity/Q7038
Godelleta,https://www.wikidata.org/entity/Q104483
Golegã,https://www.wikidata.org/entity/Q1012522
Gondiães,https://www.wikidata.org/entity/Q1537031
Gondifelos,https://www.wikidata.org/entity/Q1537017
Gouveia,https://www.wikidata.org/entity/Q599317
Gozón,https://www.wikidata.org/entity/Q818366
Grado,https://www.wikidata.org/entity/Q617580
Granada,https://www.wikidata.org/entity/Q8810
Granátula de Calatrava,https://www.wikidata.org/entity/Q1642258
Grandas de Salime,https://www.wikidata.org/entity/Q695452
Grândola,https://www.wikidata.org/entity/Q986019
Granollers,https://www.wikidata.org/entity/Q15420
Grañón,https://www.wikidata.org/entity/Q177714
Grimaldo,https://www.wikidata.org/entity/Q16303389
Griñón,https://www.wikidata.org/entity/Q1772237
Grisén,https://www.wikidata.org/entity/Q1640400
Guadajira,https://www.wikidata.org/entity/Q8965233
Guadalcázar,https://www.wikidata.org/entity/Q854460
Guadalix de la Sierra,https://www.wikidata.org/entity/Q55482
Guadasséquies,https://www.wikidata.org/entity/Q2264659
Guadassuar,https://www.wikidata.org/entity/Q1312621
Guadix,https://www.wikidata.org/entity/Q244324
Guarda,https://www.wikidata.org/entity/Q750594
Guareña,https://www.wikidata.org/entity/Q1098716
Guarromán,https://www.wikidata.org/entity/Q1313369
Guillena,https://www.wikidata.org/entity/Q1605664
Guimarães,https://www.wikidata.org/entity/Q170903
Guissona,https://www.wikidata.org/entity/Q984645
Haro,https://www.wikidata.org/entity/Q405292
Hellín,https://www.wikidata.org/entity/Q842652
Herramélluri,https://www.wikidata.org/entity/Q1769947
Herrera de Pisuerga,https://www.wikidata.org/entity/Q567563
Herrera,https://www.wikidata.org/entity/Q1640239
Hinojar del Rey,https://www.wikidata.org/entity/Q5898212
Hinojosa del Duque,https://www.wikidata.org/entity/Q657396
Hinojosa,https://www.wikidata.org/entity/Q28664164
Hondarribia,https://www.wikidata.org/entity/Q492312
Hornachos,https://www.wikidata.org/entity/Q1446441
Hornachuelos,https://www.wikidata.org/entity/Q1443790
Hornos de Moncalvillo,https://www.wikidata.org/entity/Q1646952
Horta de Sant Joan,https://www.wikidata.org/entity/Q603155
Horta,https://www.wikidata.org/entity/Q990385
Hortezuela de Océn,https://www.wikidata.org/entity/Q1654910
Huelva,https://www.wikidata.org/entity/Q12246
Huércal-Overa,https://www.wikidata.org/entity/Q1372614
Huérmeces,https://www.wikidata.org/entity/Q1765304
Huérmeda,https://www.wikidata.org/entity/Q11259270
Huerta,https://www.wikidata.org/entity/Q2047711
Huertos,https://www.wikidata.org/entity/Q1948915
Huéscar,https://www.wikidata.org/entity/Q575709
Huete,https://www.wikidata.org/entity/Q1827689
Huétor Tájar,https://www.wikidata.org/entity/Q911103
Humanes de Madrid,https://www.wikidata.org/entity/Q281632
Ibiza,https://www.wikidata.org/entity/Q473914
Idanha-a-Nova,https://www.wikidata.org/entity/Q999446
Idanha-a-Velha,https://www.wikidata.org/entity/Q1026697
Igorre,https://www.wikidata.org/entity/Q779046
Illa des Conills,https://www.wikidata.org/entity/Q1658714
Illescas,https://www.wikidata.org/entity/Q1606474
Iniesta,https://www.wikidata.org/entity/Q630933
Irivo,https://www.wikidata.org/entity/Q994620
Irun,https://www.wikidata.org/entity/Q200201
Iruña de Oca/Iruña Oka,https://www.wikidata.org/entity/Q1382293
Íscar,https://www.wikidata.org/entity/Q1657029
Isla Cristina,https://www.wikidata.org/entity/Q736926
Isona,https://www.wikidata.org/entity/Q11926949
Izana,https://www.wikidata.org/entity/Q19904847
Jaca,https://www.wikidata.org/entity/Q49581
Jaén,https://www.wikidata.org/entity/Q15681
Jávea,https://www.wikidata.org/entity/Q23984892
Javier,https://www.wikidata.org/entity/Q1773006
Jerez de la Frontera,https://www.wikidata.org/entity/Q12303
Jerez de los Caballeros,https://www.wikidata.org/entity/Q1153945
Jimena de la Frontera,https://www.wikidata.org/entity/Q916664
Jokano,https://www.wikidata.org/entity/Q3183087
Jumilla,https://www.wikidata.org/entity/Q917173
Juromenha,https://www.wikidata.org/entity/Q2088814
Kortezubi,https://www.wikidata.org/entity/Q1228003
L'Alcora,https://www.wikidata.org/entity/Q1635385
L'Ènova,https://www.wikidata.org/entity/Q2264712
L'Escala,https://www.wikidata.org/entity/Q11304
L'Olleria,https://www.wikidata.org/entity/Q1993458
La Alberca,https://www.wikidata.org/entity/Q1012961
La Algaba,https://www.wikidata.org/entity/Q904151
La Almunia de Doña Godina,https://www.wikidata.org/entity/Q935575
La Azohia,https://www.wikidata.org/entity/Q11930258
La Bureba,https://www.wikidata.org/entity/Q2726433
La Cabrera,https://www.wikidata.org/entity/Q509056
La Campana,https://www.wikidata.org/entity/Q63031
La Carlota,https://www.wikidata.org/entity/Q749022
La Font de la Figuera,https://www.wikidata.org/entity/Q1993424
La Garriga,https://www.wikidata.org/entity/Q15415
La Garrovilla,https://www.wikidata.org/entity/Q587063
La Guardia de Jaén,https://www.wikidata.org/entity/Q1645543
La Guardia,https://www.wikidata.org/entity/Q1632869
La Iglesuela del Cid,https://www.wikidata.org/entity/Q1651517
La Jana,https://www.wikidata.org/entity/Q1768937
La Llosa,https://www.wikidata.org/entity/Q1900688
La Luisiana,https://www.wikidata.org/entity/Q958972
La Malahá,https://www.wikidata.org/entity/Q583023
La Milla del Río,https://www.wikidata.org/entity/Q5964359
La Nava de Ricomalillo,https://www.wikidata.org/entity/Q366953
La Oliva,https://www.wikidata.org/entity/Q594892
La Orbada,https://www.wikidata.org/entity/Q1651931
La Paca,https://www.wikidata.org/entity/Q5964607
La Palma,https://www.wikidata.org/entity/Q5964610
La Pobla Tornesa,https://www.wikidata.org/entity/Q1769146
La Pobla de Mafumet,https://www.wikidata.org/entity/Q1248541
La Pola Siero,https://www.wikidata.org/entity/Q1018362
La Puebla de Almoradiel,https://www.wikidata.org/entity/Q662180
La Puebla de Castro,https://www.wikidata.org/entity/Q984583
La Puebla de Cazalla,https://www.wikidata.org/entity/Q1146831
La Pueblanueva,https://www.wikidata.org/entity/Q1628882
La Rabia,https://www.wikidata.org/entity/Q5965002
La Rambla,https://www.wikidata.org/entity/Q1645517
La Riera de Gaià,https://www.wikidata.org/entity/Q1917540
La Rinconada,https://www.wikidata.org/entity/Q1146785
La Roca de la Sierra,https://www.wikidata.org/entity/Q1372861
La Roda de Andalucía,https://www.wikidata.org/entity/Q1601705
La Secuita,https://www.wikidata.org/entity/Q1230093
La Selva del Camp,https://www.wikidata.org/entity/Q1230100
La Serna,https://www.wikidata.org/entity/Q2314294
La Seu d'Urgell,https://www.wikidata.org/entity/Q673412
La Unión,https://www.wikidata.org/entity/Q1228759
La Vall d'Uixó,https://www.wikidata.org/entity/Q1637512
La Vellés,https://www.wikidata.org/entity/Q1769424
La Victoria,https://www.wikidata.org/entity/Q970724
La Vilavella,https://www.wikidata.org/entity/Q1768916
La Zubia,https://www.wikidata.org/entity/Q619692
Labastida,https://www.wikidata.org/entity/Q1155351
Láchar,https://www.wikidata.org/entity/Q484981
Lagos,https://www.wikidata.org/entity/Q732548
Laguardia - Guardia,https://www.wikidata.org/entity/Q303629
Laguna de Contreras,https://www.wikidata.org/entity/Q1948873
Lahiguera,https://www.wikidata.org/entity/Q788551
Lajes do Pico,https://www.wikidata.org/entity/Q1019053
Lamego,https://www.wikidata.org/entity/Q117591
Langa de Duero,https://www.wikidata.org/entity/Q835092
Langreo,https://www.wikidata.org/entity/Q493806
Laño,https://www.wikidata.org/entity/Q12262049
Laranjeiro,https://www.wikidata.org/entity/Q1805874
Larouco,https://www.wikidata.org/entity/Q1631787
Las Cabezas de San Juan,https://www.wikidata.org/entity/Q63052
Las Cuevas de Soria,https://www.wikidata.org/entity/Q5411761
Las Gabias,https://www.wikidata.org/entity/Q574340
Las Rozas de Madrid,https://www.wikidata.org/entity/Q592747
Las Torres de Cotillas,https://www.wikidata.org/entity/Q762427
Las Valeras,https://www.wikidata.org/entity/Q1769796
Las Ventas con Peña Aguilera,https://www.wikidata.org/entity/Q1631954
Lavra,https://www.wikidata.org/entity/Q1026339
Layana,https://www.wikidata.org/entity/Q1650480
Lebrija,https://www.wikidata.org/entity/Q261085
Lecrín,https://www.wikidata.org/entity/Q339160
Leganés,https://www.wikidata.org/entity/Q77433
Legarda,https://www.wikidata.org/entity/Q779466
Legaria,https://www.wikidata.org/entity/Q1647448
Leintz Gatzaga,https://www.wikidata.org/entity/Q1649621
Lekeitio,https://www.wikidata.org/entity/Q1227965
Lemoa,https://www.wikidata.org/entity/Q1227196
Lena,https://www.wikidata.org/entity/Q1031286
León,https://www.wikidata.org/entity/Q15699
Lepe,https://www.wikidata.org/entity/Q501077
Lerma,https://www.wikidata.org/entity/Q1614795
Les Alqueries,https://www.wikidata.org/entity/Q1646869
Les Cabanyes,https://www.wikidata.org/entity/Q1228790
Les Coves de Vinromà,https://www.wikidata.org/entity/Q1646761
Les Regueres,https://www.wikidata.org/entity/Q842644
Lezuza,https://www.wikidata.org/entity/Q582778
Liédena,https://www.wikidata.org/entity/Q1647968
Ligares,https://www.wikidata.org/entity/Q1010920
Linares,https://www.wikidata.org/entity/Q281272
Linhares,https://www.wikidata.org/entity/Q1771784
Lisbon,https://www.wikidata.org/entity/Q597
Llatores,https://www.wikidata.org/entity/Q49127691
Lleida,https://www.wikidata.org/entity/Q15090
Llíria,https://www.wikidata.org/entity/Q23067
Llívia,https://www.wikidata.org/entity/Q13745
Llucmajor,https://www.wikidata.org/entity/Q927498
Llutxent,https://www.wikidata.org/entity/Q2012930
Loarre,https://www.wikidata.org/entity/Q1995783
Lobón,https://www.wikidata.org/entity/Q1098700
Lodosa,https://www.wikidata.org/entity/Q984882
Logroño,https://www.wikidata.org/entity/Q14325
Logrosán,https://www.wikidata.org/entity/Q1632442
Longás,https://www.wikidata.org/entity/Q644246
Longroiva,https://www.wikidata.org/entity/Q1725783
Lopera,https://www.wikidata.org/entity/Q782775
Lora de Estepa,https://www.wikidata.org/entity/Q1605597
Lora del Río,https://www.wikidata.org/entity/Q1161395
Lorca,https://www.wikidata.org/entity/Q47571
Los Alcázares,https://www.wikidata.org/entity/Q1982975
Los Barrios,https://www.wikidata.org/entity/Q925913
Los Belones,https://www.wikidata.org/entity/Q5401946
Los Camachos,https://www.wikidata.org/entity/Q110671062
Los Gallardos,https://www.wikidata.org/entity/Q1407152
Los Palacios y Villafranca,https://www.wikidata.org/entity/Q428954
Los Rábanos,https://www.wikidata.org/entity/Q836396
Los Royos,https://www.wikidata.org/entity/Q107986806
Los Santos de la Humosa,https://www.wikidata.org/entity/Q1648733
Los Villares,https://www.wikidata.org/entity/Q279502
Loulé,https://www.wikidata.org/entity/Q586722
Loures,https://www.wikidata.org/entity/Q917535
Lourinhã,https://www.wikidata.org/entity/Q986017
Lourizán,https://www.wikidata.org/entity/Q3398493
Lozoyuela-Navas-Sieteiglesias,https://www.wikidata.org/entity/Q1772221
Lubián,https://www.wikidata.org/entity/Q1646337
Lúcar,https://www.wikidata.org/entity/Q1358237
Lucena del Puerto,https://www.wikidata.org/entity/Q1614539
Lucena,https://www.wikidata.org/entity/Q504598
Lugo,https://www.wikidata.org/entity/Q11125
Lumbier,https://www.wikidata.org/entity/Q584132
Lumbrales,https://www.wikidata.org/entity/Q1639439
Lumbreras,https://www.wikidata.org/entity/Q1646969
Lupiñén-Ortilla,https://www.wikidata.org/entity/Q680583
Luque,https://www.wikidata.org/entity/Q986552
Luyego,https://www.wikidata.org/entity/Q141204
Luz de Tavira,https://www.wikidata.org/entity/Q2994910
Luzaga,https://www.wikidata.org/entity/Q1635212
Maçanet de la Selva,https://www.wikidata.org/entity/Q13634
Mação,https://www.wikidata.org/entity/Q1012723
Macastre,https://www.wikidata.org/entity/Q23068
Madrid,https://www.wikidata.org/entity/Q2807
Madridanos,https://www.wikidata.org/entity/Q1652345
Madruédano,https://www.wikidata.org/entity/Q5989485
Maella,https://www.wikidata.org/entity/Q956524
Maiorga,https://www.wikidata.org/entity/Q525470
Mairena del Alcor,https://www.wikidata.org/entity/Q1628379
Málaga,https://www.wikidata.org/entity/Q8851
Mallorca,https://www.wikidata.org/entity/Q8828
Malpartida de Cáceres,https://www.wikidata.org/entity/Q946208
Malpartida de Plasencia,https://www.wikidata.org/entity/Q1643692
Malpartida,https://www.wikidata.org/entity/Q930465
Malpica de Tajo,https://www.wikidata.org/entity/Q1606460
Manacor,https://www.wikidata.org/entity/Q49567
Mandayona,https://www.wikidata.org/entity/Q605073
Mangualde,https://www.wikidata.org/entity/Q597789
Manilva,https://www.wikidata.org/entity/Q913492
Mañón,https://www.wikidata.org/entity/Q613832
Manteigas,https://www.wikidata.org/entity/Q986093
Manzanal del Barco,https://www.wikidata.org/entity/Q385842
Manzanares el Real,https://www.wikidata.org/entity/Q55483
Manzanares,https://www.wikidata.org/entity/Q1372697
Manzanilla,https://www.wikidata.org/entity/Q629590
Maó,https://www.wikidata.org/entity/Q49550
Marateca Dam,https://www.wikidata.org/entity/Q18712071
Marbella,https://www.wikidata.org/entity/Q484799
Marçà,https://www.wikidata.org/entity/Q775782
Marchamalo,https://www.wikidata.org/entity/Q1769777
Marchena,https://www.wikidata.org/entity/Q929481
Marcilla,https://www.wikidata.org/entity/Q1636217
María de Huerva,https://www.wikidata.org/entity/Q1640944
Maribáñez,https://www.wikidata.org/entity/Q19360053
Marín,https://www.wikidata.org/entity/Q634078
Marmolejo,https://www.wikidata.org/entity/Q1756694
Martim Longo,https://www.wikidata.org/entity/Q2652713
Martorell,https://www.wikidata.org/entity/Q15623
Martos,https://www.wikidata.org/entity/Q695425
Masdenverge,https://www.wikidata.org/entity/Q766912
Matalebreras,https://www.wikidata.org/entity/Q834234
Mataró,https://www.wikidata.org/entity/Q11492
Matosinhos (São João del-Rei),https://www.wikidata.org/entity/Q10327423
Mazalvete,https://www.wikidata.org/entity/Q6007803
Mazarrón,https://www.wikidata.org/entity/Q913277
Meco,https://www.wikidata.org/entity/Q1646210
Mêda,https://www.wikidata.org/entity/Q990335
Medeiros,https://www.wikidata.org/entity/Q12393134
Medellín,https://www.wikidata.org/entity/Q668384
Medina Sidonia,https://www.wikidata.org/entity/Q642200
Medina de las Torres,https://www.wikidata.org/entity/Q1406716
Medinaceli,https://www.wikidata.org/entity/Q484628
Mediona,https://www.wikidata.org/entity/Q686790
Medrano,https://www.wikidata.org/entity/Q1646962
Meinedo,https://www.wikidata.org/entity/Q35727654
Meixedo,https://www.wikidata.org/entity/Q198228
Mejorada del Campo,https://www.wikidata.org/entity/Q1984852
Mélida,https://www.wikidata.org/entity/Q959084
Mendavia,https://www.wikidata.org/entity/Q1648554
Mendigorria,https://www.wikidata.org/entity/Q1648110
Mendoia,https://www.wikidata.org/entity/Q113514355
Mengíbar,https://www.wikidata.org/entity/Q1645553
Menorca,https://www.wikidata.org/entity/Q52636
Mequinenza,https://www.wikidata.org/entity/Q837051
Mérida,https://www.wikidata.org/entity/Q14323
Mértola,https://www.wikidata.org/entity/Q551056
Mexilhoeira Grande,https://www.wikidata.org/entity/Q1019708
Mijas,https://www.wikidata.org/entity/Q492744
Millanes,https://www.wikidata.org/entity/Q650873
Minas de Riotinto,https://www.wikidata.org/entity/Q923830
Miranda de Ebro,https://www.wikidata.org/entity/Q11994
Moaña,https://www.wikidata.org/entity/Q1617430
Moclín,https://www.wikidata.org/entity/Q593637
Mões,https://www.wikidata.org/entity/Q64435
Mogadouro,https://www.wikidata.org/entity/Q551680
Mohorte,https://www.wikidata.org/entity/Q29441686
Moixent,https://www.wikidata.org/entity/Q1993371
Mojácar,https://www.wikidata.org/entity/Q496968
Molina de Aragón,https://www.wikidata.org/entity/Q919050
Molins de Rei,https://www.wikidata.org/entity/Q15624
Mollina,https://www.wikidata.org/entity/Q1630374
Molpeceres,https://www.wikidata.org/entity/Q6021084
Molvízar,https://www.wikidata.org/entity/Q578183
Mombeja,https://www.wikidata.org/entity/Q1111178
Monasterio de San Julián de Samos,https://www.wikidata.org/entity/Q3327561
Monchique,https://www.wikidata.org/entity/Q957663
Moncofa,https://www.wikidata.org/entity/Q1635650
Mondoñedo,https://www.wikidata.org/entity/Q840362
Monforte de Lemos,https://www.wikidata.org/entity/Q818341
Monforte del Cid,https://www.wikidata.org/entity/Q1769358
Monforte,https://www.wikidata.org/entity/Q769062
Monleón,https://www.wikidata.org/entity/Q1768753
Monreal de Ariza,https://www.wikidata.org/entity/Q1650635
Monroy,https://www.wikidata.org/entity/Q1643855
Monsanto,https://www.wikidata.org/entity/Q1637902
Mont-roig del Camp,https://www.wikidata.org/entity/Q929794
Montalegre,https://www.wikidata.org/entity/Q757860
Montalvos,https://www.wikidata.org/entity/Q1623045
Montargil,https://www.wikidata.org/entity/Q2260108
Monte Real,https://www.wikidata.org/entity/Q86732566
Montefrío,https://www.wikidata.org/entity/Q593696
Montejo de Arévalo,https://www.wikidata.org/entity/Q940935
Montellano,https://www.wikidata.org/entity/Q1605609
Montemor-o-Novo,https://www.wikidata.org/entity/Q538407
Montenegro,https://www.wikidata.org/entity/Q1808078
Monterroso,https://www.wikidata.org/entity/Q1122290
Montfullà,https://www.wikidata.org/entity/Q11785351
Montgat,https://www.wikidata.org/entity/Q12022
Montijo Spain,https://www.wikidata.org/entity/Q1387091
Montijo,https://www.wikidata.org/entity/Q826511
Montilla,https://www.wikidata.org/entity/Q13156
Montmajor,https://www.wikidata.org/entity/Q15522
Montoro,https://www.wikidata.org/entity/Q1375851
Montroi,https://www.wikidata.org/entity/Q1989384
Montserrat,https://www.wikidata.org/entity/Q604539
Montuenga de Soria,https://www.wikidata.org/entity/Q6022875
Monturque,https://www.wikidata.org/entity/Q959284
Moñúx,https://www.wikidata.org/entity/Q2883913
Moraira,https://www.wikidata.org/entity/Q1349520
Moraleda de Zafayona,https://www.wikidata.org/entity/Q426844
Moraleja de Enmedio,https://www.wikidata.org/entity/Q965208
Moraleja,https://www.wikidata.org/entity/Q1444329
Morales de Rey,https://www.wikidata.org/entity/Q1769060
Morata de Tajuña,https://www.wikidata.org/entity/Q1772158
Morcuera,https://www.wikidata.org/entity/Q6023600
Moreruela de Tábara,https://www.wikidata.org/entity/Q613317
Moreruela de los Infanzones,https://www.wikidata.org/entity/Q1765350
Morón de la Frontera,https://www.wikidata.org/entity/Q609094
Mosteiros,https://www.wikidata.org/entity/Q516835
Móstoles,https://www.wikidata.org/entity/Q187826
Moura,https://www.wikidata.org/entity/Q551662
Mourão,https://www.wikidata.org/entity/Q1005121
Mozota,https://www.wikidata.org/entity/Q1637299
Muelas del Pan,https://www.wikidata.org/entity/Q1652125
Muga de Sayago,https://www.wikidata.org/entity/Q1768955
Mugardos,https://www.wikidata.org/entity/Q1442847
Mula,https://www.wikidata.org/entity/Q1983986
Murça,https://www.wikidata.org/entity/Q513049
Murcia,https://www.wikidata.org/entity/Q12225
Muriel de Zapardiel,https://www.wikidata.org/entity/Q2314319
Murillo El Cuende,https://www.wikidata.org/entity/Q1772987
Murillo de Calahorra,https://www.wikidata.org/entity/Q9046718
Murillo de Río Leza,https://www.wikidata.org/entity/Q1636221
Muxía,https://www.wikidata.org/entity/Q512940
Nájera,https://www.wikidata.org/entity/Q776113
Nanclares de Ganboa/Langara Ganboa,https://www.wikidata.org/entity/Q3335549
Nandufe,https://www.wikidata.org/entity/Q12393831
Nava de la Asunción,https://www.wikidata.org/entity/Q1648847
Navalcarnerou,https://www.wikidata.org/entity/Q1623099
Navalmanzano,https://www.wikidata.org/entity/Q579045
Navalvillar de Pela,https://www.wikidata.org/entity/Q649045
Navarcles,https://www.wikidata.org/entity/Q16723
Navardún,https://www.wikidata.org/entity/Q1640032
Navarre,https://www.wikidata.org/entity/Q4018
Navarredondilla,https://www.wikidata.org/entity/Q1631128
Navas de Oro,https://www.wikidata.org/entity/Q1905572
Navès,https://www.wikidata.org/entity/Q1917511
Negreira,https://www.wikidata.org/entity/Q840787
Negrelos,https://www.wikidata.org/entity/Q1600659
Nelas,https://www.wikidata.org/entity/Q687790
Nepas,https://www.wikidata.org/entity/Q831075
Niebla,https://www.wikidata.org/entity/Q828723
Nieva,https://www.wikidata.org/entity/Q977966
Nigrán,https://www.wikidata.org/entity/Q1617562
Niharra,https://www.wikidata.org/entity/Q1632453
Níjar,https://www.wikidata.org/entity/Q1110355
Nisa,https://www.wikidata.org/entity/Q1013628
Nolay,https://www.wikidata.org/entity/Q835677
Nossa Senhora da Expectação,https://www.wikidata.org/entity/Q1869657
Nossa Senhora da Graça de Póvoa e Meadas,https://www.wikidata.org/entity/Q2258706
Nossa Senhora da Graça dos Degolados,https://www.wikidata.org/entity/Q1900962
Novallas,https://www.wikidata.org/entity/Q1635927
Noviercas,https://www.wikidata.org/entity/Q834322
Nueno,https://www.wikidata.org/entity/Q1649582
Nueva Carteya,https://www.wikidata.org/entity/Q1406692
Nules,https://www.wikidata.org/entity/Q1768703
Numão,https://www.wikidata.org/entity/Q2005054
O Barco de Valdeorras,https://www.wikidata.org/entity/Q1607428
O Faramello,https://www.wikidata.org/entity/Q123222612
O Grove,https://www.wikidata.org/entity/Q929161
Obejo,https://www.wikidata.org/entity/Q1451125
Òdena,https://www.wikidata.org/entity/Q15957
Ogíjares,https://www.wikidata.org/entity/Q605335
Oia,https://www.wikidata.org/entity/Q1644565
Oímbra,https://www.wikidata.org/entity/Q523774
Oldrões,https://www.wikidata.org/entity/Q994631
Olèrdola,https://www.wikidata.org/entity/Q1228441
Olhão,https://www.wikidata.org/entity/Q740845
Olhos de Água,https://www.wikidata.org/entity/Q1344764
Olite/Erriberri,https://www.wikidata.org/entity/Q837062
Olivares de Duero,https://www.wikidata.org/entity/Q1908289
Oliveira de Azeméis,https://www.wikidata.org/entity/Q405252
Oliveira do Hospital,https://www.wikidata.org/entity/Q990381
Olleros de Pisuerga,https://www.wikidata.org/entity/Q6050145
Olula del Río,https://www.wikidata.org/entity/Q1358205
Olvena,https://www.wikidata.org/entity/Q1644091
Oñati,https://www.wikidata.org/entity/Q496588
Ons Island,https://www.wikidata.org/entity/Q3329679
Ontalvilla de Almazán,https://www.wikidata.org/entity/Q6051075
Ontaneda,https://www.wikidata.org/entity/Q2881685
Ontinyent,https://www.wikidata.org/entity/Q973641
Ontur,https://www.wikidata.org/entity/Q1614888
Orellana de la Sierra,https://www.wikidata.org/entity/Q1615456
Orgaz,https://www.wikidata.org/entity/Q1118107
Oria,https://www.wikidata.org/entity/Q1444097
Orihuela,https://www.wikidata.org/entity/Q487786
Orjais,https://www.wikidata.org/entity/Q522636
Oropesa,https://www.wikidata.org/entity/Q747273
Ortigueira,https://www.wikidata.org/entity/Q1375842
Ortilla,https://www.wikidata.org/entity/Q9053335
Orusco de Tajuña,https://www.wikidata.org/entity/Q520988
Osa de la Vega,https://www.wikidata.org/entity/Q1638582
Osera de Ebro,https://www.wikidata.org/entity/Q682445
Osorno la Mayor,https://www.wikidata.org/entity/Q1657059
Osuna,https://www.wikidata.org/entity/Q586018
Otero de Herreros,https://www.wikidata.org/entity/Q1919693
Oteruelo,https://www.wikidata.org/entity/Q6054480
Otos,https://www.wikidata.org/entity/Q2041954
Ourense,https://www.wikidata.org/entity/Q99151
Ourique,https://www.wikidata.org/entity/Q519052
Oviedo,https://www.wikidata.org/entity/Q14317
Paços de Ferreira,https://www.wikidata.org/entity/Q946398
Pacs del Penedès,https://www.wikidata.org/entity/Q958681
Padilla de Duero,https://www.wikidata.org/entity/Q2090529
Padrón,https://www.wikidata.org/entity/Q500494
Palafrugell,https://www.wikidata.org/entity/Q13490
Palau-solità i Plegamans,https://www.wikidata.org/entity/Q13926
Palazuelo de las Cuevas,https://www.wikidata.org/entity/Q9054771
Palazuelos de Eresma,https://www.wikidata.org/entity/Q263315
Palencia,https://www.wikidata.org/entity/Q8378
Pallaruelo,https://www.wikidata.org/entity/Q11232383
Pallejà,https://www.wikidata.org/entity/Q15627
Palma del Río,https://www.wikidata.org/entity/Q1372714
Palma,https://www.wikidata.org/entity/Q8826
Palmeira,https://www.wikidata.org/entity/Q11166156
Palol de Revardit,https://www.wikidata.org/entity/Q13609
Palomares del Río,https://www.wikidata.org/entity/Q1605692
Pamplona,https://www.wikidata.org/entity/Q10282
Panóias,https://www.wikidata.org/entity/Q1255062
Pantón,https://www.wikidata.org/entity/Q1447446
Paracuellos de Jarama,https://www.wikidata.org/entity/Q2046249
Pardais,https://www.wikidata.org/entity/Q2450286
Paredes de Nava,https://www.wikidata.org/entity/Q919652
Parla,https://www.wikidata.org/entity/Q824651
Paterna de Rivera,https://www.wikidata.org/entity/Q1631804
Patones,https://www.wikidata.org/entity/Q1999704
Peal de Becerro,https://www.wikidata.org/entity/Q1632828
Pechão,https://www.wikidata.org/entity/Q544376
Pedraça,https://www.wikidata.org/entity/Q1023406
Pedraza,https://www.wikidata.org/entity/Q1013497
Pedrógão,https://www.wikidata.org/entity/Q923847
Pedrosa de la Vega,https://www.wikidata.org/entity/Q1918886
Pegarinhos,https://www.wikidata.org/entity/Q168513
Pego,https://www.wikidata.org/entity/Q102835
Pelmá,https://www.wikidata.org/entity/Q2068221
Penacova,https://www.wikidata.org/entity/Q1005038
Peñafiel,https://www.wikidata.org/entity/Q667682
Penafiel,https://www.wikidata.org/entity/Q984656
Peñaflor,https://www.wikidata.org/entity/Q1637576
Penàguila,https://www.wikidata.org/entity/Q1995277
Peñalba de Castro,https://www.wikidata.org/entity/Q6073959
Penamacor,https://www.wikidata.org/entity/Q995183
Penamaior,https://www.wikidata.org/entity/Q12397494
Peñas de San Pedro,https://www.wikidata.org/entity/Q1623065
Peñausende,https://www.wikidata.org/entity/Q907416
Pendilhe,https://www.wikidata.org/entity/Q154238
Penela,https://www.wikidata.org/entity/Q576924
Peniche,https://www.wikidata.org/entity/Q941967
Peniscola,https://www.wikidata.org/entity/Q845424
Peraleda de la Mata,https://www.wikidata.org/entity/Q1643620
Perales de Tajuña,https://www.wikidata.org/entity/Q1772182
Pêro Viseu,https://www.wikidata.org/entity/Q1024278
Peroniel del Campo,https://www.wikidata.org/entity/Q6072802
Perre,https://www.wikidata.org/entity/Q956669
Peso da Régua,https://www.wikidata.org/entity/Q757858
Pessegueiro,https://www.wikidata.org/entity/Q1024956
Petín,https://www.wikidata.org/entity/Q670366
Petrer,https://www.wikidata.org/entity/Q1751353
Pías,https://www.wikidata.org/entity/Q1752402
Picassent,https://www.wikidata.org/entity/Q10863
Pinedas,https://www.wikidata.org/entity/Q987409
Pinhel,https://www.wikidata.org/entity/Q917335
Pinilla de Caradueña,https://www.wikidata.org/entity/Q6076236
Pino del Oro,https://www.wikidata.org/entity/Q373832
Pinténs,https://www.wikidata.org/entity/Q12397686
Pinto,https://www.wikidata.org/entity/Q909718
Pipaona,https://www.wikidata.org/entity/Q6076549
Pol,https://www.wikidata.org/entity/Q1445717
Polán,https://www.wikidata.org/entity/Q1628547
Polinyà,https://www.wikidata.org/entity/Q13925
Pollença,https://www.wikidata.org/entity/Q601112
Pollentia,https://www.wikidata.org/entity/Q1512868
Pomar de Valdivia,https://www.wikidata.org/entity/Q1907342
Pomares,https://www.wikidata.org/entity/Q646044
Ponferrada,https://www.wikidata.org/entity/Q12164
Ponteareas,https://www.wikidata.org/entity/Q617119
Pontedeume,https://www.wikidata.org/entity/Q765283
Pontevedra,https://www.wikidata.org/entity/Q12411
Porcuna,https://www.wikidata.org/entity/Q375851
Portalegre,https://www.wikidata.org/entity/Q622819
Portimão,https://www.wikidata.org/entity/Q543542
Portmán,https://www.wikidata.org/entity/Q6083217
Porto Covo,https://www.wikidata.org/entity/Q49362017
Porto Cristo,https://www.wikidata.org/entity/Q1013077
Porto de Mós,https://www.wikidata.org/entity/Q1012710
Porto,https://www.wikidata.org/entity/Q36433
Portugal,https://www.wikidata.org/entity/Q45
Portunhos,https://www.wikidata.org/entity/Q3653
Posadas,https://www.wikidata.org/entity/Q120171372
Posadas,https://www.wikidata.org/entity/Q818312
Póvoa de Lanhoso,https://www.wikidata.org/entity/Q551689
Póvoa de Varzim (đô thị),https://www.wikidata.org/entity/Q10809831
Poza de la Sal,https://www.wikidata.org/entity/Q1642806
Pradejón,https://www.wikidata.org/entity/Q952627
Praia da Luz,https://www.wikidata.org/entity/Q2671865
Prats i Sansor,https://www.wikidata.org/entity/Q13757
Pravia,https://www.wikidata.org/entity/Q820469
Premià de Dalt,https://www.wikidata.org/entity/Q12049
Premià de Mar,https://www.wikidata.org/entity/Q12046
Priego de Córdoba,https://www.wikidata.org/entity/Q301437
Priego,https://www.wikidata.org/entity/Q1649799
Puçol,https://www.wikidata.org/entity/Q23028
Puebla de Alcocer,https://www.wikidata.org/entity/Q1605886
Puebla de Don Fadrique,https://www.wikidata.org/entity/Q615841
Puebla de la Calzada,https://www.wikidata.org/entity/Q1387062
Puebla del Prior,https://www.wikidata.org/entity/Q1455217
Pueblonuevo del Guadiana,https://www.wikidata.org/entity/Q1387053
Puente Genil,https://www.wikidata.org/entity/Q589053
Puerto Real,https://www.wikidata.org/entity/Q846159
Puerto de Mazarrón,https://www.wikidata.org/entity/Q3156548
Puigpelat,https://www.wikidata.org/entity/Q983559
Puigverd d'Agramunt,https://www.wikidata.org/entity/Q1916297
Pulpí,https://www.wikidata.org/entity/Q1157960
Punta Umbría,https://www.wikidata.org/entity/Q736888
Purchena,https://www.wikidata.org/entity/Q1445232
Q10271078,https://www.wikidata.org/entity/Q10271078
Q12396432,https://www.wikidata.org/entity/Q12396432
Quarteira,https://www.wikidata.org/entity/Q33844038
Quatretonda,https://www.wikidata.org/entity/Q585118
Quelfes,https://www.wikidata.org/entity/Q1919370
Quer,https://www.wikidata.org/entity/Q1766541
Quesada,https://www.wikidata.org/entity/Q1866847
Quijorna,https://www.wikidata.org/entity/Q24012700
Quintana del Marco,https://www.wikidata.org/entity/Q137134
Quintanilla cabe Soto,https://www.wikidata.org/entity/Q54933106
Quintanilla de la Cueza,https://www.wikidata.org/entity/Q6095220
Quinto,https://www.wikidata.org/entity/Q1752280
Quiroga,https://www.wikidata.org/entity/Q969128
Rabaçal,https://www.wikidata.org/entity/Q578737
Rabanales,https://www.wikidata.org/entity/Q973119
Rajadell,https://www.wikidata.org/entity/Q16727
Rasines,https://www.wikidata.org/entity/Q1904286
Rebollar,https://www.wikidata.org/entity/Q1764579
Rebollo de Duero,https://www.wikidata.org/entity/Q6102503
Redondela,https://www.wikidata.org/entity/Q833032
Redondo,https://www.wikidata.org/entity/Q997608
Reguengo do Fetal,https://www.wikidata.org/entity/Q2119216
Reguengos de Monsaraz Municipality,https://www.wikidata.org/entity/Q15272257
Reinante,https://www.wikidata.org/entity/Q12398877
Relea de la Loma,https://www.wikidata.org/entity/Q6105042
Renedo de Esgueva,https://www.wikidata.org/entity/Q965817
Requena,https://www.wikidata.org/entity/Q302099
Retortillo,https://www.wikidata.org/entity/Q1915106
Reus,https://www.wikidata.org/entity/Q487096
Revilla Vallejera,https://www.wikidata.org/entity/Q1751238
Riachos,https://www.wikidata.org/entity/Q2053110
Riba de Saelices,https://www.wikidata.org/entity/Q951950
Riba-roja d'Ebre,https://www.wikidata.org/entity/Q1229607
Riba-roja de Túria,https://www.wikidata.org/entity/Q23701
Ribadeo,https://www.wikidata.org/entity/Q824076
Ribadesella,https://www.wikidata.org/entity/Q591580
Ribaforada,https://www.wikidata.org/entity/Q24012380
Ribafrecha,https://www.wikidata.org/entity/Q1637656
Ribeira de Pena,https://www.wikidata.org/entity/Q1006378
Ribera d'Ebre,https://www.wikidata.org/entity/Q15374
Ribera del Fresno,https://www.wikidata.org/entity/Q1442520
Rielves,https://www.wikidata.org/entity/Q1642096
Rincón de la Victoria,https://www.wikidata.org/entity/Q1248474
Riogordo,https://www.wikidata.org/entity/Q1630306
Rioja,https://www.wikidata.org/entity/Q1444073
Riópar,https://www.wikidata.org/entity/Q605263
Rioseco de Soria,https://www.wikidata.org/entity/Q837702
Riudoms,https://www.wikidata.org/entity/Q679015
Rivas,https://www.wikidata.org/entity/Q19061262
Rivas-Vaciamadrid,https://www.wikidata.org/entity/Q644481
Roales de Campos,https://www.wikidata.org/entity/Q1929192
Rocaforte,https://www.wikidata.org/entity/Q10750551
Rodeiro,https://www.wikidata.org/entity/Q1627583
Romanones,https://www.wikidata.org/entity/Q1913812
Romanos,https://www.wikidata.org/entity/Q3441099
Ronda,https://www.wikidata.org/entity/Q13153
Roquetas de Mar,https://www.wikidata.org/entity/Q499184
Roses,https://www.wikidata.org/entity/Q11822
Rota,https://www.wikidata.org/entity/Q15907
Rótova,https://www.wikidata.org/entity/Q1993001
Rozalén del Monte,https://www.wikidata.org/entity/Q1640458
Rubí de Bracamonte,https://www.wikidata.org/entity/Q1913807
Rubí,https://www.wikidata.org/entity/Q13934
Rubió,https://www.wikidata.org/entity/Q15963
Ruecas,https://www.wikidata.org/entity/Q6113473
Runa,https://www.wikidata.org/entity/Q1385363
Sabadell,https://www.wikidata.org/entity/Q12258
Sabugal,https://www.wikidata.org/entity/Q992645
Sada,https://www.wikidata.org/entity/Q633493
Sádaba,https://www.wikidata.org/entity/Q956558
Saelices el Chico,https://www.wikidata.org/entity/Q1766606
Saelices,https://www.wikidata.org/entity/Q1648614
Sagres,https://www.wikidata.org/entity/Q49364942
Sagunt,https://www.wikidata.org/entity/Q47483
Salair Ridge,https://www.wikidata.org/entity/Q220441
Salamanca,https://www.wikidata.org/entity/Q15695
Salar,https://www.wikidata.org/entity/Q615830
Salas,https://www.wikidata.org/entity/Q816249
Saldaña,https://www.wikidata.org/entity/Q773408
Salem,https://www.wikidata.org/entity/Q737734
Salgueiro,https://www.wikidata.org/entity/Q932803
Salinas de Rosío,https://www.wikidata.org/entity/Q6117292
Salinas,https://www.wikidata.org/entity/Q1993759
Salobreña,https://www.wikidata.org/entity/Q427330
Salou,https://www.wikidata.org/entity/Q662789
Salteras,https://www.wikidata.org/entity/Q1629807
Salvada e Quintos,https://www.wikidata.org/entity/Q18468978
Salvador de Zapardiel,https://www.wikidata.org/entity/Q1916502
Salvatierra de Tormes,https://www.wikidata.org/entity/Q1766309
Salvatierra de los Barros,https://www.wikidata.org/entity/Q1443754
Samalús,https://www.wikidata.org/entity/Q23993231
Samartín d'Ozcos,https://www.wikidata.org/entity/Q842671
Samboal,https://www.wikidata.org/entity/Q605824
Samos,https://www.wikidata.org/entity/Q917876
Sampriz,https://www.wikidata.org/entity/Q513080
San Antonio,https://www.wikidata.org/entity/Q114061534
San Cebrián de Campos,https://www.wikidata.org/entity/Q1020397
San Cebrián de Castro,https://www.wikidata.org/entity/Q1766853
San Cristóbal de Entreviñas,https://www.wikidata.org/entity/Q1653158
San Esteban de Gormaz,https://www.wikidata.org/entity/Q487352
San Felices,https://www.wikidata.org/entity/Q836806
San Fernando de Henares,https://www.wikidata.org/entity/Q842211
San Fernando,https://www.wikidata.org/entity/Q741765
San Francisco de Olivenza,https://www.wikidata.org/entity/Q6118795
San Juan de Aznalfarache,https://www.wikidata.org/entity/Q1611693
San Juan de Beleño,https://www.wikidata.org/entity/Q7414628
San Llorente,https://www.wikidata.org/entity/Q1907107
San Lorenzo de El Escorial,https://www.wikidata.org/entity/Q371748
San Martín de Losa,https://www.wikidata.org/entity/Q42940223
San Martín de Montalbán,https://www.wikidata.org/entity/Q1640784
San Martín de Trevejo,https://www.wikidata.org/entity/Q1628492
San Martín de Valvení,https://www.wikidata.org/entity/Q1770811
San Martín de la Vega,https://www.wikidata.org/entity/Q959612
San Martín del Castañar,https://www.wikidata.org/entity/Q1643355
San Miguel del Arroyo,https://www.wikidata.org/entity/Q1907203
San Miguel del Valle,https://www.wikidata.org/entity/Q1766964
San Millán de los Caballeros,https://www.wikidata.org/entity/Q137141
San Millán-Donemiliaga,https://www.wikidata.org/entity/Q1616072
San Morales,https://www.wikidata.org/entity/Q1905253
San Pedro Manrique,https://www.wikidata.org/entity/Q836559
San Pedro de Alcántara,https://www.wikidata.org/entity/Q992775
San Pedro de Mérida,https://www.wikidata.org/entity/Q1443685
San Pedro de la Viña,https://www.wikidata.org/entity/Q9073705
San Pedro del Arroyo,https://www.wikidata.org/entity/Q1630369
San Pedro del Pinatar,https://www.wikidata.org/entity/Q743996
San Roque,https://www.wikidata.org/entity/Q846153
San Sebastián de los Reyes,https://www.wikidata.org/entity/Q484717
San Tiso d'Abres,https://www.wikidata.org/entity/Q842655
San Vicente de la Sonsierra,https://www.wikidata.org/entity/Q761879
Sandoval de la Reina,https://www.wikidata.org/entity/Q788493
Sanfins de Ferreira,https://www.wikidata.org/entity/Q1664218
Sanfins do Douro,https://www.wikidata.org/entity/Q168689
Sangüesa/Zangoza,https://www.wikidata.org/entity/Q842228
Sanlúcar de Barrameda,https://www.wikidata.org/entity/Q210887
Sanlúcar de Guadiana,https://www.wikidata.org/entity/Q1630199
Sanlúcar la Mayor,https://www.wikidata.org/entity/Q1446577
Sansueña,https://www.wikidata.org/entity/Q20596968
Sant Andreu de Llavaneres,https://www.wikidata.org/entity/Q12093
Sant Boi de Llobregat,https://www.wikidata.org/entity/Q15635
Sant Cugat del Vallès,https://www.wikidata.org/entity/Q13936
Sant Esteve de la Sarga,https://www.wikidata.org/entity/Q18267
Sant Feliu de Guíxols,https://www.wikidata.org/entity/Q13521
Sant Feliu de Llobregat,https://www.wikidata.org/entity/Q15639
Sant Fruitós de Bages,https://www.wikidata.org/entity/Q16730
Sant Joan Despí,https://www.wikidata.org/entity/Q15640
Sant Joan de Labritja,https://www.wikidata.org/entity/Q983628
Sant Josep de sa Talaia,https://www.wikidata.org/entity/Q983635
Sant Julià de Lòria,https://www.wikidata.org/entity/Q24282
Sant Julià de Ramis,https://www.wikidata.org/entity/Q13453
Sant Just Desvern,https://www.wikidata.org/entity/Q15641
Sant Martí d'Empúries,https://www.wikidata.org/entity/Q1106404
Sant Martí de Riucorb,https://www.wikidata.org/entity/Q1905529
Sant Martí de Tous,https://www.wikidata.org/entity/Q15966
Sant Mateu,https://www.wikidata.org/entity/Q984823
Sant Pere de Ribes,https://www.wikidata.org/entity/Q15555
Sant Pol de Mar,https://www.wikidata.org/entity/Q12534
Sant Quirze del Vallès,https://www.wikidata.org/entity/Q13935
Santa Ana,https://www.wikidata.org/entity/Q610025
Santa Cecilia,https://www.wikidata.org/entity/Q1769415
Santa Colomba de Somoza,https://www.wikidata.org/entity/Q141080
Santa Cristina d'Aro,https://www.wikidata.org/entity/Q126395814
Santa Cristina de la Polvorosa,https://www.wikidata.org/entity/Q1646332
Santa Cruz de Tenerife,https://www.wikidata.org/entity/Q14328
Santa Eulalia de Oscos,https://www.wikidata.org/entity/Q842692
Santa Eulalia de Tábara,https://www.wikidata.org/entity/Q6120416
Santa Eulália,https://www.wikidata.org/entity/Q2030878
Santa Eulària des Riu,https://www.wikidata.org/entity/Q983465
Santa Margarida da Coutada,https://www.wikidata.org/entity/Q367900
Santa Margarida de Montbui,https://www.wikidata.org/entity/Q15968
Santa Maria da Feira,https://www.wikidata.org/entity/Q564813
Santa Maria de Emeres,https://www.wikidata.org/entity/Q2489045
Santa Maria de Sardoura,https://www.wikidata.org/entity/Q1023381
Santa María de las Hoyas,https://www.wikidata.org/entity/Q837624
Santa María del Prado,https://www.wikidata.org/entity/Q6120623
Santa Marta,https://www.wikidata.org/entity/Q1629459
Santa Perpètua de Mogoda,https://www.wikidata.org/entity/Q13941
Santa Pola,https://www.wikidata.org/entity/Q257707
Santa Ponça,https://www.wikidata.org/entity/Q1941746
Santa Quiteria,https://www.wikidata.org/entity/Q102064129
Santacara,https://www.wikidata.org/entity/Q1647926
Santaella,https://www.wikidata.org/entity/Q970749
Santalecina,https://www.wikidata.org/entity/Q6120727
Santamera,https://www.wikidata.org/entity/Q6120736
Santander,https://www.wikidata.org/entity/Q12233
Santarém,https://www.wikidata.org/entity/Q273877
Santervás del Burgo,https://www.wikidata.org/entity/Q6120766
Santiago Maior,https://www.wikidata.org/entity/Q1002875
Santiago Maior,https://www.wikidata.org/entity/Q2259347
Santiago da Guarda,https://www.wikidata.org/entity/Q2119115
Santiago de Compostela,https://www.wikidata.org/entity/Q14314
Santiago do Cacém,https://www.wikidata.org/entity/Q990433
Santiponce,https://www.wikidata.org/entity/Q568278
Santisteban del Puerto,https://www.wikidata.org/entity/Q953889
Santiuste de Pedraza,https://www.wikidata.org/entity/Q1938358
Santo Aleixo,https://www.wikidata.org/entity/Q1074641
Santo Domingo de Silos,https://www.wikidata.org/entity/Q1766072
Santo Estêvão,https://www.wikidata.org/entity/Q738143
Santo Estêvão,https://www.wikidata.org/entity/Q961456
Santo Tirso,https://www.wikidata.org/entity/Q917330
Santo Tomé,https://www.wikidata.org/entity/Q1986483
Santorcaz,https://www.wikidata.org/entity/Q1765587
Santulhão,https://www.wikidata.org/entity/Q1685273
São Bento de Ana Loura,https://www.wikidata.org/entity/Q2450988
São Brás e São Lourenço,https://www.wikidata.org/entity/Q2220297
São Brissos,https://www.wikidata.org/entity/Q777373
São Cosme do Vale,https://www.wikidata.org/entity/Q2118739
São Domingos de Rana,https://www.wikidata.org/entity/Q1817065
São Domingos de Rana,https://www.wikidata.org/entity/Q33502987
São Gens,https://www.wikidata.org/entity/Q1009443
São João Baptista,https://www.wikidata.org/entity/Q10375799
São Julião,https://www.wikidata.org/entity/Q1987363
São Julião,https://www.wikidata.org/entity/Q32691
São Mamede,https://www.wikidata.org/entity/Q1999321
São Marcos da Serra,https://www.wikidata.org/entity/Q33862988
São Marcos,https://www.wikidata.org/entity/Q1021763
São Matias,https://www.wikidata.org/entity/Q1019714
São Pedro de Veiga de Lila,https://www.wikidata.org/entity/Q1997546
São Pedro do Sul,https://www.wikidata.org/entity/Q1484005
São Salvador da Aramenha,https://www.wikidata.org/entity/Q2259773
São Salvador,https://www.wikidata.org/entity/Q2119065
São Vicente e Ventosa,https://www.wikidata.org/entity/Q2256938
São Vicente,https://www.wikidata.org/entity/Q304464
Sardás,https://www.wikidata.org/entity/Q9333879
Sarrià de Ter,https://www.wikidata.org/entity/Q13456
Sarsa de Surta,https://www.wikidata.org/entity/Q3571754
Sasamón,https://www.wikidata.org/entity/Q1628353
Sátão,https://www.wikidata.org/entity/Q923784
Sauquillo de Boñices,https://www.wikidata.org/entity/Q6122160
Segóbriga,https://www.wikidata.org/entity/Q1759993
Segorbe,https://www.wikidata.org/entity/Q750968
Segovia,https://www.wikidata.org/entity/Q15684
Segura de la Sierra,https://www.wikidata.org/entity/Q1645054
Sejas de Aliste,https://www.wikidata.org/entity/Q11015300
Selmes,https://www.wikidata.org/entity/Q2066957
Selores,https://www.wikidata.org/entity/Q1024379
Senharei,https://www.wikidata.org/entity/Q1021938
Sentmenat,https://www.wikidata.org/entity/Q13943
Sepins,https://www.wikidata.org/entity/Q3106
Sepúlveda,https://www.wikidata.org/entity/Q1246441
Sequeira,https://www.wikidata.org/entity/Q49367383
Serón,https://www.wikidata.org/entity/Q1606427
Serós,https://www.wikidata.org/entity/Q599367
Serpa,https://www.wikidata.org/entity/Q550963
Serra de Daró,https://www.wikidata.org/entity/Q13570
Serranillos del Valle,https://www.wikidata.org/entity/Q1772168
Seseña,https://www.wikidata.org/entity/Q927922
Sesimbra,https://www.wikidata.org/entity/Q1006408
Setúbal,https://www.wikidata.org/entity/Q173699
Seville,https://www.wikidata.org/entity/Q8717
Siero,https://www.wikidata.org/entity/Q744130
Sierra de Yeguas,https://www.wikidata.org/entity/Q1647758
Siete Aguas,https://www.wikidata.org/entity/Q52616
Sigüenza,https://www.wikidata.org/entity/Q47475
Silla,https://www.wikidata.org/entity/Q10843
Silves,https://www.wikidata.org/entity/Q749180
Simancas,https://www.wikidata.org/entity/Q986572
Sinarcas,https://www.wikidata.org/entity/Q52584
Sines,https://www.wikidata.org/entity/Q372922
Sintra,https://www.wikidata.org/entity/Q190187
Sitges,https://www.wikidata.org/entity/Q15551
Soalhães,https://www.wikidata.org/entity/Q1024794
Sober,https://www.wikidata.org/entity/Q1442183
Sobreira,https://www.wikidata.org/entity/Q20549950
Socovos,https://www.wikidata.org/entity/Q652654
Sofuentes,https://www.wikidata.org/entity/Q11703972
Solana de los Barros,https://www.wikidata.org/entity/Q1442582
Solana del Pino,https://www.wikidata.org/entity/Q1658741
Soliedra,https://www.wikidata.org/entity/Q830913
Solosancho,https://www.wikidata.org/entity/Q1610933
Solsona,https://www.wikidata.org/entity/Q507621
Somaén,https://www.wikidata.org/entity/Q6131913
Sonseca,https://www.wikidata.org/entity/Q1628387
Sorbas,https://www.wikidata.org/entity/Q842658
Soria,https://www.wikidata.org/entity/Q12155
Soscaño,https://www.wikidata.org/entity/Q12267550
Sotillos de Caracena,https://www.wikidata.org/entity/Q2879498
Soto de Bureba,https://www.wikidata.org/entity/Q54863543
Soto de Cerrato,https://www.wikidata.org/entity/Q1918481
Soto del Barco,https://www.wikidata.org/entity/Q529744
Sotoserrano,https://www.wikidata.org/entity/Q1650210
Sotresgudo,https://www.wikidata.org/entity/Q1641152
Sousel,https://www.wikidata.org/entity/Q7565244
Suances,https://www.wikidata.org/entity/Q1615223
Suano,https://www.wikidata.org/entity/Q5548025
Subijana-Morillas,https://www.wikidata.org/entity/Q3502523
Subirats,https://www.wikidata.org/entity/Q782758
Suellacabras,https://www.wikidata.org/entity/Q486017
Sukarrieta,https://www.wikidata.org/entity/Q665188
Taberno,https://www.wikidata.org/entity/Q1611880
Tábua,https://www.wikidata.org/entity/Q988846
Tafalla,https://www.wikidata.org/entity/Q820224
Talarn,https://www.wikidata.org/entity/Q18270
Talarrubias,https://www.wikidata.org/entity/Q669707
Talavera de la Reina,https://www.wikidata.org/entity/Q181359
Talavera la Nueva,https://www.wikidata.org/entity/Q6138199
Talavera la Real,https://www.wikidata.org/entity/Q1387075
Talavera la Vieja,https://www.wikidata.org/entity/Q3848098
Tamarite de Litera,https://www.wikidata.org/entity/Q633385
Taniñe,https://www.wikidata.org/entity/Q5680828
Taracena,https://www.wikidata.org/entity/Q2894545
Tarancueña,https://www.wikidata.org/entity/Q9081883
Tarazona de la Mancha,https://www.wikidata.org/entity/Q611263
Tarazona,https://www.wikidata.org/entity/Q639412
Tardáguila,https://www.wikidata.org/entity/Q1648252
Tardesillas,https://www.wikidata.org/entity/Q6138981
Taroda,https://www.wikidata.org/entity/Q830942
Tarragona,https://www.wikidata.org/entity/Q15088
Tarroja de Segarra,https://www.wikidata.org/entity/Q1901397
Tavira,https://www.wikidata.org/entity/Q372840
Teba,https://www.wikidata.org/entity/Q1630260
Teberga,https://www.wikidata.org/entity/Q692118
Teià,https://www.wikidata.org/entity/Q12028
Teixoso,https://www.wikidata.org/entity/Q1145109
Teroleja,https://www.wikidata.org/entity/Q55974089
Terra Chá,https://www.wikidata.org/entity/Q1069111
Terrassa,https://www.wikidata.org/entity/Q13939
Terrateig,https://www.wikidata.org/entity/Q2041965
Terrinches,https://www.wikidata.org/entity/Q1657914
Terrugem,https://www.wikidata.org/entity/Q1328618
Teruel,https://www.wikidata.org/entity/Q14336
Tiana,https://www.wikidata.org/entity/Q12026
Tielmes,https://www.wikidata.org/entity/Q1766203
Tíjola,https://www.wikidata.org/entity/Q284894
Tinhela,https://www.wikidata.org/entity/Q2652629
Tirgo,https://www.wikidata.org/entity/Q681489
Tírig,https://www.wikidata.org/entity/Q1983287
Titulcia,https://www.wikidata.org/entity/Q1647106
Tivissa,https://www.wikidata.org/entity/Q1230055
Tobarra,https://www.wikidata.org/entity/Q1622986
Tocina,https://www.wikidata.org/entity/Q63004
Toledo,https://www.wikidata.org/entity/Q5836
Tomar,https://www.wikidata.org/entity/Q622817
Tomares,https://www.wikidata.org/entity/Q1447544
Tomiño,https://www.wikidata.org/entity/Q1628263
Tordesillas,https://www.wikidata.org/entity/Q286004
Toro,https://www.wikidata.org/entity/Q836948
Torrão,https://www.wikidata.org/entity/Q2166195
Torre de Coelheiros,https://www.wikidata.org/entity/Q2200080
Torre de Don Miguel,https://www.wikidata.org/entity/Q1641468
Torre de Moncorvo,https://www.wikidata.org/entity/Q551507
Torre de Peñafiel,https://www.wikidata.org/entity/Q1651708
Torre-Pacheco,https://www.wikidata.org/entity/Q949880
Torrealvilla,https://www.wikidata.org/entity/Q107986959
Torreblanca,https://www.wikidata.org/entity/Q1635372
Torrecuadrada de los Valles,https://www.wikidata.org/entity/Q9089057
Torredelcampo,https://www.wikidata.org/entity/Q1765676
Torredembarra,https://www.wikidata.org/entity/Q995637
Torrejón de Ardoz,https://www.wikidata.org/entity/Q489839
Torrejón de Velasco,https://www.wikidata.org/entity/Q919911
Torrejón de la Calzada,https://www.wikidata.org/entity/Q960213
Torremejía,https://www.wikidata.org/entity/Q1613564
Torremolinos,https://www.wikidata.org/entity/Q24012560
Torrent,https://www.wikidata.org/entity/Q161945
Torrente de Cinca,https://www.wikidata.org/entity/Q983642
Torrenueva,https://www.wikidata.org/entity/Q1628417
Torres Novas,https://www.wikidata.org/entity/Q81139
Torres Vedras,https://www.wikidata.org/entity/Q917319
Torres,https://www.wikidata.org/entity/Q1657562
Torrevicente,https://www.wikidata.org/entity/Q6150906
Torroella de Montgrí,https://www.wikidata.org/entity/Q13573
Torrox,https://www.wikidata.org/entity/Q13150
Tortosa,https://www.wikidata.org/entity/Q12812
Tortuera,https://www.wikidata.org/entity/Q1656964
Tortuero,https://www.wikidata.org/entity/Q1752002
Toscanos,https://www.wikidata.org/entity/Q97633680
Tossa de Mar,https://www.wikidata.org/entity/Q13006
Tourém,https://www.wikidata.org/entity/Q198309
Traiguera,https://www.wikidata.org/entity/Q1645728
Trasmiras,https://www.wikidata.org/entity/Q917185
Tremoedo (Santo Estevo),https://www.wikidata.org/entity/Q10995465
Tres Cantos,https://www.wikidata.org/entity/Q910410
Tresminas,https://www.wikidata.org/entity/Q124956
Trespaderne,https://www.wikidata.org/entity/Q1643937
Tresponde / Trespuentes (concejo),https://www.wikidata.org/entity/Q2744536
Triacastela,https://www.wikidata.org/entity/Q636874
Tricio,https://www.wikidata.org/entity/Q1646043
Trillo,https://www.wikidata.org/entity/Q1768232
Trofa,https://www.wikidata.org/entity/Q987964
Tróia Peninsula,https://www.wikidata.org/entity/Q1482884
Troia,https://www.wikidata.org/entity/Q30938979
Truchas,https://www.wikidata.org/entity/Q1774781
Trujillanos,https://www.wikidata.org/entity/Q2572293
Tudela de Duero,https://www.wikidata.org/entity/Q1651692
Tudela,https://www.wikidata.org/entity/Q244747
Tui,https://www.wikidata.org/entity/Q824122
Turís,https://www.wikidata.org/entity/Q1993027
Turre,https://www.wikidata.org/entity/Q1358302
Úbeda,https://www.wikidata.org/entity/Q329984
Ucero,https://www.wikidata.org/entity/Q835085
Uharte Arakil,https://www.wikidata.org/entity/Q1647888
Ulea,https://www.wikidata.org/entity/Q1767758
Uncastillo,https://www.wikidata.org/entity/Q583280
Urrácal,https://www.wikidata.org/entity/Q1611758
Urraúl Bajo,https://www.wikidata.org/entity/Q1648094
Urrea de Gaén,https://www.wikidata.org/entity/Q586120
Urrea de Jalón,https://www.wikidata.org/entity/Q1639242
Utiel,https://www.wikidata.org/entity/Q115572
Utrera,https://www.wikidata.org/entity/Q753825
Vadillo de la Guareña,https://www.wikidata.org/entity/Q1766877
Vaiamonte,https://www.wikidata.org/entity/Q2174731
Valbom,https://www.wikidata.org/entity/Q1893823
Valbom,https://www.wikidata.org/entity/Q993906
Valdanzo,https://www.wikidata.org/entity/Q6158658
Valdeavero,https://www.wikidata.org/entity/Q1647110
Valdemorillo,https://www.wikidata.org/entity/Q10783
Valdemoro,https://www.wikidata.org/entity/Q840373
Valdeobispo,https://www.wikidata.org/entity/Q1643024
Valdeolea,https://www.wikidata.org/entity/Q1603048
Valdepeñas,https://www.wikidata.org/entity/Q898563
Valderrebollo,https://www.wikidata.org/entity/Q1657984
Valderredible,https://www.wikidata.org/entity/Q1623038
Valdetorres de Jarama,https://www.wikidata.org/entity/Q969446
Valdevaqueros,https://www.wikidata.org/entity/Q4985079
Valdilecha,https://www.wikidata.org/entity/Q524941
Valdunciel,https://www.wikidata.org/entity/Q1766596
Vale de Açor,https://www.wikidata.org/entity/Q2221607
Vale de Salgueiro,https://www.wikidata.org/entity/Q1024526
Valença,https://www.wikidata.org/entity/Q492475
Valencia de Don Juan,https://www.wikidata.org/entity/Q385017
Valencia,https://www.wikidata.org/entity/Q8818
Valencina de la Concepción,https://www.wikidata.org/entity/Q1603015
Vall-llobrega,https://www.wikidata.org/entity/Q13587
Valladolid,https://www.wikidata.org/entity/Q8356
Valladolises y Lo Jurado,https://www.wikidata.org/entity/Q6159019
Valle de Abdalajís,https://www.wikidata.org/entity/Q1647735
Valle de Tobalina,https://www.wikidata.org/entity/Q1630657
Valle de Trápaga-Trapagaran,https://www.wikidata.org/entity/Q1228787
Vallelado,https://www.wikidata.org/entity/Q1938432
Valls,https://www.wikidata.org/entity/Q825883
Valongo,https://www.wikidata.org/entity/Q604262
Valpaços,https://www.wikidata.org/entity/Q757856
Valpalmas,https://www.wikidata.org/entity/Q1650402
Valvenedizo,https://www.wikidata.org/entity/Q6159404
Valverde de Mérida,https://www.wikidata.org/entity/Q377785
Valverde de los Arroyos,https://www.wikidata.org/entity/Q594289
Valverde del Camino,https://www.wikidata.org/entity/Q844038
Valverde del Fresno,https://www.wikidata.org/entity/Q1441219
Várzea do Douro,https://www.wikidata.org/entity/Q1474391
Várzea,https://www.wikidata.org/entity/Q2119030
Vedra,https://www.wikidata.org/entity/Q1616092
Veiros,https://www.wikidata.org/entity/Q2196358
Velamazán,https://www.wikidata.org/entity/Q832876
Vélez-Málaga,https://www.wikidata.org/entity/Q492741
Velilla de Ebro,https://www.wikidata.org/entity/Q1650389
Velilla de los Oteros,https://www.wikidata.org/entity/Q6160084
Venda da Luísa,https://www.wikidata.org/entity/Q10389655
Venta de Baños,https://www.wikidata.org/entity/Q1657213
Ventosilla de San Juan,https://www.wikidata.org/entity/Q6160420
Vera de Moncayo,https://www.wikidata.org/entity/Q1639252
Vera,https://www.wikidata.org/entity/Q1157971
Verdú,https://www.wikidata.org/entity/Q1766980
Verín,https://www.wikidata.org/entity/Q176504
Viana de Mondéjar,https://www.wikidata.org/entity/Q6160911
Viana do Castelo,https://www.wikidata.org/entity/Q208158
Viana,https://www.wikidata.org/entity/Q907241
Vic,https://www.wikidata.org/entity/Q13855
Vicálvaro,https://www.wikidata.org/entity/Q589403
Vigo,https://www.wikidata.org/entity/Q8745
Vila Boa,https://www.wikidata.org/entity/Q2095545
Vila Boim,https://www.wikidata.org/entity/Q2260069
Vila Caiz,https://www.wikidata.org/entity/Q1023350
Vila Cova à Coelheira,https://www.wikidata.org/entity/Q61088028
Vila Facaia,https://www.wikidata.org/entity/Q1636783
Vila Fernando,https://www.wikidata.org/entity/Q2123744
Vila Franca de Xira,https://www.wikidata.org/entity/Q917326
Vila Nova de Famalicão,https://www.wikidata.org/entity/Q551658
Vila Nova de Foz Côa,https://www.wikidata.org/entity/Q537471
Vila Nova de Gaia,https://www.wikidata.org/entity/Q191135
Vila Nova de Paiva,https://www.wikidata.org/entity/Q1003146
Vila Pouca de Aguiar,https://www.wikidata.org/entity/Q1006397
Vila Real de Santo António,https://www.wikidata.org/entity/Q750578
Vila Real,https://www.wikidata.org/entity/Q503856
Vila Ruiva,https://www.wikidata.org/entity/Q32711
Vila Verde,https://www.wikidata.org/entity/Q551676
Vila de Frades,https://www.wikidata.org/entity/Q1018817
Vila do Bispo,https://www.wikidata.org/entity/Q206320
Vila-seca,https://www.wikidata.org/entity/Q508754
Vilablareix,https://www.wikidata.org/entity/Q13457
Viladamat,https://www.wikidata.org/entity/Q12151
Viladecans,https://www.wikidata.org/entity/Q15652
Vilafamés,https://www.wikidata.org/entity/Q1116829
Vilafranca / Villafranca del Cid,https://www.wikidata.org/entity/Q537017
Vilagarcía de Arousa,https://www.wikidata.org/entity/Q1442637
Vilalba,https://www.wikidata.org/entity/Q1605437
Vilallonga del Camp,https://www.wikidata.org/entity/Q1189985
Vilamarín,https://www.wikidata.org/entity/Q1627625
Vilamartín de Valdeorras,https://www.wikidata.org/entity/Q1618272
Vilanova d'Alcolea,https://www.wikidata.org/entity/Q1646170
Vilanova de Arousa,https://www.wikidata.org/entity/Q739495
Vilanova i la Geltrú,https://www.wikidata.org/entity/Q15553
Vilar de Canes,https://www.wikidata.org/entity/Q1767537
Vilar de Santos,https://www.wikidata.org/entity/Q1643617
Vilarinho de Samardã,https://www.wikidata.org/entity/Q592516
Vilaseco,https://www.wikidata.org/entity/Q12402295
Vilassar de Mar,https://www.wikidata.org/entity/Q12071
Vildé,https://www.wikidata.org/entity/Q6161978
Villa del Prado,https://www.wikidata.org/entity/Q320398
Villa del Río,https://www.wikidata.org/entity/Q970738
Villabáñez,https://www.wikidata.org/entity/Q1922897
Villablino,https://www.wikidata.org/entity/Q1605938
Villabuena,https://www.wikidata.org/entity/Q6162536
Villacarrillo,https://www.wikidata.org/entity/Q1751217
Villadiego,https://www.wikidata.org/entity/Q1630718
Villadoz,https://www.wikidata.org/entity/Q1639196
Villafáfila,https://www.wikidata.org/entity/Q965140
Villafranca Montes de Oca,https://www.wikidata.org/entity/Q959000
Villafranca de los Barros,https://www.wikidata.org/entity/Q613908
Villafranca,https://www.wikidata.org/entity/Q1912688
Villagonzalo de Tormes,https://www.wikidata.org/entity/Q1904710
Villahizán de Treviño,https://www.wikidata.org/entity/Q6162639
Villajoyosa,https://www.wikidata.org/entity/Q23978009
Villalazán,https://www.wikidata.org/entity/Q673625
Villalbilla,https://www.wikidata.org/entity/Q1646224
Villalonga,https://www.wikidata.org/entity/Q1993779
Villalonso,https://www.wikidata.org/entity/Q1646319
Villamanrique de Tajo,https://www.wikidata.org/entity/Q1751921
Villamanta,https://www.wikidata.org/entity/Q1915133
Villamantilla,https://www.wikidata.org/entity/Q1915124
Villamayor de Calatrava,https://www.wikidata.org/entity/Q24011749
Villamediana de Iregua,https://www.wikidata.org/entity/Q1606588
Villamiel,https://www.wikidata.org/entity/Q1613433
Villamor de Cadozos,https://www.wikidata.org/entity/Q9094062
Villanueva de Azoague,https://www.wikidata.org/entity/Q1775549
Villanueva de Córdoba,https://www.wikidata.org/entity/Q879493
Villanueva de Duero,https://www.wikidata.org/entity/Q1651722
Villanueva de la Fuente,https://www.wikidata.org/entity/Q1642043
Villanueva del Conde,https://www.wikidata.org/entity/Q1766569
Villanueva del Pardillo,https://www.wikidata.org/entity/Q1751916
Villanueva del Río y Minas,https://www.wikidata.org/entity/Q63041
Villanueva del Rosario,https://www.wikidata.org/entity/Q643724
Villanueva del Trabuco,https://www.wikidata.org/entity/Q1624040
Villaobispo de Otero,https://www.wikidata.org/entity/Q1640144
Villaornate,https://www.wikidata.org/entity/Q6162836
Villaquilambre,https://www.wikidata.org/entity/Q932612
Villar del Arzobispo,https://www.wikidata.org/entity/Q3548
Villar del Rey,https://www.wikidata.org/entity/Q1615783
Villaralto,https://www.wikidata.org/entity/Q878593
Villardefrades,https://www.wikidata.org/entity/Q1916446
Villardiegua de la Ribera,https://www.wikidata.org/entity/Q266627
Villárdiga,https://www.wikidata.org/entity/Q1766950
Villarejo de Salvanés,https://www.wikidata.org/entity/Q1641598
Villargordo del Cabriel,https://www.wikidata.org/entity/Q515843
Villaricos,https://www.wikidata.org/entity/Q9094143
Villarroya de la Sierra,https://www.wikidata.org/entity/Q1650310
Villasabariego,https://www.wikidata.org/entity/Q1617639
Villaseca de la Sobarriba,https://www.wikidata.org/entity/Q6162963
Villaverde de Medina,https://www.wikidata.org/entity/Q1766702
Villaverde de Rioja,https://www.wikidata.org/entity/Q1636151
Villaverde del Río,https://www.wikidata.org/entity/Q63038
Villaviciosa de Odón,https://www.wikidata.org/entity/Q1631897
Villaviciosa,https://www.wikidata.org/entity/Q842648
Villavieja de Muñó,https://www.wikidata.org/entity/Q11755960
Villeguillo,https://www.wikidata.org/entity/Q921064
Villena,https://www.wikidata.org/entity/Q502249
Villoldo,https://www.wikidata.org/entity/Q1922123
Villoria de Órbigo,https://www.wikidata.org/entity/Q11705117
Villoruela,https://www.wikidata.org/entity/Q1985360
Vinaròs,https://www.wikidata.org/entity/Q917888
Vinebre,https://www.wikidata.org/entity/Q1248533
Viseu,https://www.wikidata.org/entity/Q117676
Vitoria-Gasteiz,https://www.wikidata.org/entity/Q14318
Viveiro,https://www.wikidata.org/entity/Q641221
Xàbia,https://www.wikidata.org/entity/Q851020
Xàtiva,https://www.wikidata.org/entity/Q738013
Xermade,https://www.wikidata.org/entity/Q577144
Xilxes,https://www.wikidata.org/entity/Q1768727
Xinzo de Limia,https://www.wikidata.org/entity/Q918637
Yátova,https://www.wikidata.org/entity/Q23069
Yebes,https://www.wikidata.org/entity/Q1751978
Yecla de Yeltes,https://www.wikidata.org/entity/Q1648275
Yeste,https://www.wikidata.org/entity/Q618586
Yuba,https://www.wikidata.org/entity/Q55434585
Yuncos,https://www.wikidata.org/entity/Q963019
Yunquera de Henares,https://www.wikidata.org/entity/Q1640925
Zagrilla Alta,https://www.wikidata.org/entity/Q124818978
Zagrilla Baja,https://www.wikidata.org/entity/Q124818997
Zambujal,https://www.wikidata.org/entity/Q145729
Zamora,https://www.wikidata.org/entity/Q15696
Zaragoza,https://www.wikidata.org/entity/Q10305
Zarautz,https://www.wikidata.org/entity/Q147774
Zarcilla de Ramos,https://www.wikidata.org/entity/Q6170987
Zestoa,https://www.wikidata.org/entity/Q1618393
Zorita de los Canes,https://www.wikidata.org/entity/Q1657998
Zufre,https://www.wikidata.org/entity/Q228243
Zuheros,https://www.wikidata.org/entity/Q228599
Zumaia,https://www.wikidata.org/entity/Q24013525
Zurgena,https://www.wikidata.org/entity/Q1110365
l'Albufereta,https://www.wikidata.org/entity/Q11482271
l'Alcúdia,https://www.wikidata.org/entity/Q385923
l'Alfàs del Pi,https://www.wikidata.org/entity/Q619126
señorio,https://www.wikidata.org/entity/Q58683981
